7300 Macarthur Blvd, Glen Echo, Maryland 20812
6106 Harvard Ave, Glen Echo, Maryland 20812
7300 Macarthur Blvd, Glen Echo, Maryland 20812
7307 Macarthur Blvd, Bethesda, Maryland 20816
6201 Dunrobbin Dr, Bethesda, Maryland 20816
6729 Goldsboro Rd, Bethesda, Maryland 20817
6110 Oberlin Ave, Glen Echo, Maryland 20812
6204 Crathie Ln, Bethesda, Maryland 20816
6520 Dalroy Ln, Bethesda, Maryland 20817
6510 Kenhowe Dr, Bethesda, Maryland 20817
7600 Tomlinson Ave, Cabin John, Maryland 20818
6400 Goldsboro Rd, Bethesda, Maryland 20817
7600 Macarthur Blvd, Cabin John, Maryland 20818
7687 Macarthur Blvd, Cabin John, Maryland 20818
5120 Wissioming Rd, Bethesda, Maryland 20816
7210 Hidden Creek Rd, Bethesda, Maryland 20817
7913 Macarthur Blvd, Cabin John, Maryland 20818
6500 Seven Locks Rd, Cabin John, Maryland 20818
7945 Macarthur Blvd, Cabin John, Maryland 20818
7945 Macarthur Blvd, Cabin John, Maryland 20818
7945 Macarthur Blvd, Cabin John, Maryland 20817
7945 Macarthur Blvd, Cabin John, Maryland 20818
7945 Macarthur Blvd, Cabin John, Maryland 20818
6301 River Rd, Bethesda, Maryland 20817
6124 River Rd, Bethesda, Maryland 20817
7308 Nevis Rd, Bethesda, Maryland 20817
7100 Whittier Blvd, Bethesda, Maryland 20817
6904 River Rd, Bethesda, Maryland 20817
6324 Lenox Rd, Bethesda, Maryland 20817
6904 River Rd, Bethesda, Maryland 20817
7300 Macarthur Blvd, Glen Echo, Maryland 20812
7300 Macarthur Blvd, Glen Echo, Maryland 20812
6110 Oberlin Ave, Glen Echo, Maryland 20812
7307 Macarthur Blvd, Bethesda, Maryland 20816
6729 Goldsboro Rd, Bethesda, Maryland 20817
6201 Dunrobbin Dr, Bethesda, Maryland 20816
6106 Harvard Ave, Glen Echo, Maryland 20812
6204 Crathie Ln, Bethesda, Maryland 20816
6400 Goldsboro Rd, Bethesda, Maryland 20817
6520 Dalroy Ln, Bethesda, Maryland 20817
6510 Kenhowe Dr, Bethesda, Maryland 20817
5120 Wissioming Rd, Bethesda, Maryland 20816
6124 River Rd, Bethesda, Maryland 20817
6301 River Rd, Bethesda, Maryland 20817
7600 Tomlinson Ave, Cabin John, Maryland 20818
7100 Whittier Blvd, Bethesda, Maryland 20817
5910 Goldsboro Rd, Bethesda, Maryland 20817
6324 Lenox Rd, Bethesda, Maryland 20817
5800 Cromwell Dr, Bethesda, Maryland 20816
7600 Macarthur Blvd, Cabin John, Maryland 20818
7687 Macarthur Blvd, Cabin John, Maryland 20818
7210 Hidden Creek Rd, Bethesda, Maryland 20817
7308 Nevis Rd, Bethesda, Maryland 20817
7100 Whittier Blvd, Bethesda, Maryland 20817
6904 River Rd, Bethesda, Maryland 20817
6904 River Rd, Bethesda, Maryland 20817
6205 Robinwood Rd, Bethesda, Maryland 20817
7125 Whittier Blvd, Bethesda, Maryland 20817
5601 River Rd, Bethesda, Maryland 20816
7913 Macarthur Blvd, Cabin John, Maryland 20818
7300 Macarthur Blvd, Glen Echo, Maryland 20812
7300 Macarthur Blvd, Glen Echo, Maryland 20812
6110 Oberlin Ave, Glen Echo, Maryland 20812
7307 Macarthur Blvd, Bethesda, Maryland 20816
6729 Goldsboro Rd, Bethesda, Maryland 20817
6201 Dunrobbin Dr, Bethesda, Maryland 20816
6106 Harvard Ave, Glen Echo, Maryland 20812
6204 Crathie Ln, Bethesda, Maryland 20816
6400 Goldsboro Rd, Bethesda, Maryland 20817
6520 Dalroy Ln, Bethesda, Maryland 20817
6510 Kenhowe Dr, Bethesda, Maryland 20817
5120 Wissioming Rd, Bethesda, Maryland 20816
6124 River Rd, Bethesda, Maryland 20817
6301 River Rd, Bethesda, Maryland 20817
7600 Tomlinson Ave, Cabin John, Maryland 20818
7100 Whittier Blvd, Bethesda, Maryland 20817
5910 Goldsboro Rd, Bethesda, Maryland 20817
6324 Lenox Rd, Bethesda, Maryland 20817
5800 Cromwell Dr, Bethesda, Maryland 20816
7600 Macarthur Blvd, Cabin John, Maryland 20818
7687 Macarthur Blvd, Cabin John, Maryland 20818
7210 Hidden Creek Rd, Bethesda, Maryland 20817
7308 Nevis Rd, Bethesda, Maryland 20817
7100 Whittier Blvd, Bethesda, Maryland 20817
6904 River Rd, Bethesda, Maryland 20817
6904 River Rd, Bethesda, Maryland 20817
6205 Robinwood Rd, Bethesda, Maryland 20817
7125 Whittier Blvd, Bethesda, Maryland 20817
5601 River Rd, Bethesda, Maryland 20816
7913 Macarthur Blvd, Cabin John, Maryland 20818
7300 Macarthur Blvd, Glen Echo, Maryland 20812
7300 Macarthur Blvd, Glen Echo, Maryland 20812
6110 Oberlin Ave, Glen Echo, Maryland 20812
7307 Macarthur Blvd, Bethesda, Maryland 20816
6729 Goldsboro Rd, Bethesda, Maryland 20817
6201 Dunrobbin Dr, Bethesda, Maryland 20816
6106 Harvard Ave, Glen Echo, Maryland 20812
6204 Crathie Ln, Bethesda, Maryland 20816
6400 Goldsboro Rd, Bethesda, Maryland 20817
6520 Dalroy Ln, Bethesda, Maryland 20817
6510 Kenhowe Dr, Bethesda, Maryland 20817
5120 Wissioming Rd, Bethesda, Maryland 20816
6124 River Rd, Bethesda, Maryland 20817
6301 River Rd, Bethesda, Maryland 20817
7600 Tomlinson Ave, Cabin John, Maryland 20818
7100 Whittier Blvd, Bethesda, Maryland 20817
5910 Goldsboro Rd, Bethesda, Maryland 20817
6324 Lenox Rd, Bethesda, Maryland 20817
5800 Cromwell Dr, Bethesda, Maryland 20816
7600 Macarthur Blvd, Cabin John, Maryland 20818
7687 Macarthur Blvd, Cabin John, Maryland 20818
7210 Hidden Creek Rd, Bethesda, Maryland 20817
7308 Nevis Rd, Bethesda, Maryland 20817
7100 Whittier Blvd, Bethesda, Maryland 20817
6904 River Rd, Bethesda, Maryland 20817
6904 River Rd, Bethesda, Maryland 20817
6205 Robinwood Rd, Bethesda, Maryland 20817
7125 Whittier Blvd, Bethesda, Maryland 20817
5601 River Rd, Bethesda, Maryland 20816
7913 Macarthur Blvd, Cabin John, Maryland 20818
7300 Macarthur Blvd, Glen Echo, Maryland 20812
7300 Macarthur Blvd, Glen Echo, Maryland 20812
6110 Oberlin Ave, Glen Echo, Maryland 20812
7307 Macarthur Blvd, Bethesda, Maryland 20816
6729 Goldsboro Rd, Bethesda, Maryland 20817
6201 Dunrobbin Dr, Bethesda, Maryland 20816
6106 Harvard Ave, Glen Echo, Maryland 20812
6204 Crathie Ln, Bethesda, Maryland 20816
6400 Goldsboro Rd, Bethesda, Maryland 20817
6520 Dalroy Ln, Bethesda, Maryland 20817
6510 Kenhowe Dr, Bethesda, Maryland 20817
5120 Wissioming Rd, Bethesda, Maryland 20816
6124 River Rd, Bethesda, Maryland 20817
6301 River Rd, Bethesda, Maryland 20817
7600 Tomlinson Ave, Cabin John, Maryland 20818
7100 Whittier Blvd, Bethesda, Maryland 20817
5910 Goldsboro Rd, Bethesda, Maryland 20817
6324 Lenox Rd, Bethesda, Maryland 20817
5800 Cromwell Dr, Bethesda, Maryland 20816
7600 Macarthur Blvd, Cabin John, Maryland 20818
7687 Macarthur Blvd, Cabin John, Maryland 20818
7210 Hidden Creek Rd, Bethesda, Maryland 20817
7308 Nevis Rd, Bethesda, Maryland 20817
7100 Whittier Blvd, Bethesda, Maryland 20817
6904 River Rd, Bethesda, Maryland 20817
6904 River Rd, Bethesda, Maryland 20817
6205 Robinwood Rd, Bethesda, Maryland 20817
7125 Whittier Blvd, Bethesda, Maryland 20817
5601 River Rd, Bethesda, Maryland 20816
7913 Macarthur Blvd, Cabin John, Maryland 20818
7300 Macarthur Blvd, Glen Echo, Maryland 20812
7300 Macarthur Blvd, Glen Echo, Maryland 20812
6110 Oberlin Ave, Glen Echo, Maryland 20812
7307 Macarthur Blvd, Bethesda, Maryland 20816
6729 Goldsboro Rd, Bethesda, Maryland 20817
6201 Dunrobbin Dr, Bethesda, Maryland 20816
6106 Harvard Ave, Glen Echo, Maryland 20812
6204 Crathie Ln, Bethesda, Maryland 20816
6400 Goldsboro Rd, Bethesda, Maryland 20817
6520 Dalroy Ln, Bethesda, Maryland 20817
6510 Kenhowe Dr, Bethesda, Maryland 20817
5120 Wissioming Rd, Bethesda, Maryland 20816
6124 River Rd, Bethesda, Maryland 20817
6301 River Rd, Bethesda, Maryland 20817
7600 Tomlinson Ave, Cabin John, Maryland 20818
7100 Whittier Blvd, Bethesda, Maryland 20817
5910 Goldsboro Rd, Bethesda, Maryland 20817
6324 Lenox Rd, Bethesda, Maryland 20817
5800 Cromwell Dr, Bethesda, Maryland 20816
7600 Macarthur Blvd, Cabin John, Maryland 20818
7687 Macarthur Blvd, Cabin John, Maryland 20818
7210 Hidden Creek Rd, Bethesda, Maryland 20817
7308 Nevis Rd, Bethesda, Maryland 20817
7100 Whittier Blvd, Bethesda, Maryland 20817
6904 River Rd, Bethesda, Maryland 20817
6904 River Rd, Bethesda, Maryland 20817
6205 Robinwood Rd, Bethesda, Maryland 20817
7125 Whittier Blvd, Bethesda, Maryland 20817
5601 River Rd, Bethesda, Maryland 20816
7913 Macarthur Blvd, Cabin John, Maryland 20818
7300 Macarthur Blvd, Glen Echo, Maryland 20812
7300 Macarthur Blvd, Glen Echo, Maryland 20812
6110 Oberlin Ave, Glen Echo, Maryland 20812
7307 Macarthur Blvd, Bethesda, Maryland 20816
6729 Goldsboro Rd, Bethesda, Maryland 20817
6201 Dunrobbin Dr, Bethesda, Maryland 20816
6106 Harvard Ave, Glen Echo, Maryland 20812
6204 Crathie Ln, Bethesda, Maryland 20816
6400 Goldsboro Rd, Bethesda, Maryland 20817
6520 Dalroy Ln, Bethesda, Maryland 20817
6510 Kenhowe Dr, Bethesda, Maryland 20817
5120 Wissioming Rd, Bethesda, Maryland 20816
6124 River Rd, Bethesda, Maryland 20817
6301 River Rd, Bethesda, Maryland 20817
7600 Tomlinson Ave, Cabin John, Maryland 20818
7100 Whittier Blvd, Bethesda, Maryland 20817
5910 Goldsboro Rd, Bethesda, Maryland 20817
6324 Lenox Rd, Bethesda, Maryland 20817
5800 Cromwell Dr, Bethesda, Maryland 20816
7600 Macarthur Blvd, Cabin John, Maryland 20818
7687 Macarthur Blvd, Cabin John, Maryland 20818
7210 Hidden Creek Rd, Bethesda, Maryland 20817
7308 Nevis Rd, Bethesda, Maryland 20817
7100 Whittier Blvd, Bethesda, Maryland 20817
6904 River Rd, Bethesda, Maryland 20817
6904 River Rd, Bethesda, Maryland 20817
6205 Robinwood Rd, Bethesda, Maryland 20817
7125 Whittier Blvd, Bethesda, Maryland 20817
5601 River Rd, Bethesda, Maryland 20816
7913 Macarthur Blvd, Cabin John, Maryland 20818
7300 Macarthur Blvd, Glen Echo, Maryland 20812
7300 Macarthur Blvd, Glen Echo, Maryland 20812
6110 Oberlin Ave, Glen Echo, Maryland 20812
7307 Macarthur Blvd, Bethesda, Maryland 20816
6729 Goldsboro Rd, Bethesda, Maryland 20817
6201 Dunrobbin Dr, Bethesda, Maryland 20816
6106 Harvard Ave, Glen Echo, Maryland 20812
6204 Crathie Ln, Bethesda, Maryland 20816
6400 Goldsboro Rd, Bethesda, Maryland 20817
6520 Dalroy Ln, Bethesda, Maryland 20817
6510 Kenhowe Dr, Bethesda, Maryland 20817
5120 Wissioming Rd, Bethesda, Maryland 20816
6124 River Rd, Bethesda, Maryland 20817
6301 River Rd, Bethesda, Maryland 20817
7600 Tomlinson Ave, Cabin John, Maryland 20818
7100 Whittier Blvd, Bethesda, Maryland 20817
5910 Goldsboro Rd, Bethesda, Maryland 20817
6324 Lenox Rd, Bethesda, Maryland 20817
5800 Cromwell Dr, Bethesda, Maryland 20816
7600 Macarthur Blvd, Cabin John, Maryland 20818
7687 Macarthur Blvd, Cabin John, Maryland 20818
7210 Hidden Creek Rd, Bethesda, Maryland 20817
7308 Nevis Rd, Bethesda, Maryland 20817
7100 Whittier Blvd, Bethesda, Maryland 20817
6904 River Rd, Bethesda, Maryland 20817
6904 River Rd, Bethesda, Maryland 20817
6205 Robinwood Rd, Bethesda, Maryland 20817
7125 Whittier Blvd, Bethesda, Maryland 20817
5601 River Rd, Bethesda, Maryland 20816
7913 Macarthur Blvd, Cabin John, Maryland 20818
7300 Macarthur Blvd, Glen Echo, Maryland 20812
7300 Macarthur Blvd, Glen Echo, Maryland 20812
6110 Oberlin Ave, Glen Echo, Maryland 20812
7307 Macarthur Blvd, Bethesda, Maryland 20816
6729 Goldsboro Rd, Bethesda, Maryland 20817
6201 Dunrobbin Dr, Bethesda, Maryland 20816
6106 Harvard Ave, Glen Echo, Maryland 20812
6204 Crathie Ln, Bethesda, Maryland 20816
6400 Goldsboro Rd, Bethesda, Maryland 20817
6520 Dalroy Ln, Bethesda, Maryland 20817
6510 Kenhowe Dr, Bethesda, Maryland 20817
5120 Wissioming Rd, Bethesda, Maryland 20816
6124 River Rd, Bethesda, Maryland 20817
6301 River Rd, Bethesda, Maryland 20817
7600 Tomlinson Ave, Cabin John, Maryland 20818
7100 Whittier Blvd, Bethesda, Maryland 20817
5910 Goldsboro Rd, Bethesda, Maryland 20817
6324 Lenox Rd, Bethesda, Maryland 20817
5800 Cromwell Dr, Bethesda, Maryland 20816
7600 Macarthur Blvd, Cabin John, Maryland 20818
7687 Macarthur Blvd, Cabin John, Maryland 20818
7210 Hidden Creek Rd, Bethesda, Maryland 20817
7308 Nevis Rd, Bethesda, Maryland 20817
7100 Whittier Blvd, Bethesda, Maryland 20817
6904 River Rd, Bethesda, Maryland 20817
6904 River Rd, Bethesda, Maryland 20817
6205 Robinwood Rd, Bethesda, Maryland 20817
7125 Whittier Blvd, Bethesda, Maryland 20817
5601 River Rd, Bethesda, Maryland 20816
7913 Macarthur Blvd, Cabin John, Maryland 20818
7300 Macarthur Blvd, Glen Echo, Maryland 20812
7300 Macarthur Blvd, Glen Echo, Maryland 20812
6110 Oberlin Ave, Glen Echo, Maryland 20812
7307 Macarthur Blvd, Bethesda, Maryland 20816
6729 Goldsboro Rd, Bethesda, Maryland 20817
6201 Dunrobbin Dr, Bethesda, Maryland 20816
6106 Harvard Ave, Glen Echo, Maryland 20812
6204 Crathie Ln, Bethesda, Maryland 20816
6400 Goldsboro Rd, Bethesda, Maryland 20817
6520 Dalroy Ln, Bethesda, Maryland 20817
6510 Kenhowe Dr, Bethesda, Maryland 20817
5120 Wissioming Rd, Bethesda, Maryland 20816
6124 River Rd, Bethesda, Maryland 20817
6301 River Rd, Bethesda, Maryland 20817
7600 Tomlinson Ave, Cabin John, Maryland 20818
7100 Whittier Blvd, Bethesda, Maryland 20817
5910 Goldsboro Rd, Bethesda, Maryland 20817
6324 Lenox Rd, Bethesda, Maryland 20817
5800 Cromwell Dr, Bethesda, Maryland 20816
7600 Macarthur Blvd, Cabin John, Maryland 20818
7687 Macarthur Blvd, Cabin John, Maryland 20818
7210 Hidden Creek Rd, Bethesda, Maryland 20817
7308 Nevis Rd, Bethesda, Maryland 20817
7100 Whittier Blvd, Bethesda, Maryland 20817
6904 River Rd, Bethesda, Maryland 20817
6904 River Rd, Bethesda, Maryland 20817
6205 Robinwood Rd, Bethesda, Maryland 20817
7125 Whittier Blvd, Bethesda, Maryland 20817
5601 River Rd, Bethesda, Maryland 20816
7913 Macarthur Blvd, Cabin John, Maryland 20818
7300 Macarthur Blvd, Glen Echo, Maryland 20812
7300 Macarthur Blvd, Glen Echo, Maryland 20812
6110 Oberlin Ave, Glen Echo, Maryland 20812
7307 Macarthur Blvd, Bethesda, Maryland 20816
6729 Goldsboro Rd, Bethesda, Maryland 20817
6201 Dunrobbin Dr, Bethesda, Maryland 20816
6106 Harvard Ave, Glen Echo, Maryland 20812
6204 Crathie Ln, Bethesda, Maryland 20816
6400 Goldsboro Rd, Bethesda, Maryland 20817
6520 Dalroy Ln, Bethesda, Maryland 20817
6510 Kenhowe Dr, Bethesda, Maryland 20817
5120 Wissioming Rd, Bethesda, Maryland 20816
6124 River Rd, Bethesda, Maryland 20817
6301 River Rd, Bethesda, Maryland 20817
7600 Tomlinson Ave, Cabin John, Maryland 20818
7100 Whittier Blvd, Bethesda, Maryland 20817
5910 Goldsboro Rd, Bethesda, Maryland 20817
6324 Lenox Rd, Bethesda, Maryland 20817
5800 Cromwell Dr, Bethesda, Maryland 20816
7600 Macarthur Blvd, Cabin John, Maryland 20818
7687 Macarthur Blvd, Cabin John, Maryland 20818
7210 Hidden Creek Rd, Bethesda, Maryland 20817
7308 Nevis Rd, Bethesda, Maryland 20817
7100 Whittier Blvd, Bethesda, Maryland 20817
6904 River Rd, Bethesda, Maryland 20817
6904 River Rd, Bethesda, Maryland 20817
6205 Robinwood Rd, Bethesda, Maryland 20817
7125 Whittier Blvd, Bethesda, Maryland 20817
5601 River Rd, Bethesda, Maryland 20816
7913 Macarthur Blvd, Cabin John, Maryland 20818
7300 Macarthur Blvd, Glen Echo, Maryland 20812
7300 Macarthur Blvd, Glen Echo, Maryland 20812
6110 Oberlin Ave, Glen Echo, Maryland 20812
7307 Macarthur Blvd, Bethesda, Maryland 20816
6729 Goldsboro Rd, Bethesda, Maryland 20817
6201 Dunrobbin Dr, Bethesda, Maryland 20816
6106 Harvard Ave, Glen Echo, Maryland 20812
6204 Crathie Ln, Bethesda, Maryland 20816
6400 Goldsboro Rd, Bethesda, Maryland 20817
6520 Dalroy Ln, Bethesda, Maryland 20817
6510 Kenhowe Dr, Bethesda, Maryland 20817
5120 Wissioming Rd, Bethesda, Maryland 20816
6124 River Rd, Bethesda, Maryland 20817
6301 River Rd, Bethesda, Maryland 20817
7600 Tomlinson Ave, Cabin John, Maryland 20818
7100 Whittier Blvd, Bethesda, Maryland 20817
5910 Goldsboro Rd, Bethesda, Maryland 20817
6324 Lenox Rd, Bethesda, Maryland 20817
5800 Cromwell Dr, Bethesda, Maryland 20816
7600 Macarthur Blvd, Cabin John, Maryland 20818
7687 Macarthur Blvd, Cabin John, Maryland 20818
7210 Hidden Creek Rd, Bethesda, Maryland 20817
7308 Nevis Rd, Bethesda, Maryland 20817
7100 Whittier Blvd, Bethesda, Maryland 20817
6904 River Rd, Bethesda, Maryland 20817
6904 River Rd, Bethesda, Maryland 20817
6205 Robinwood Rd, Bethesda, Maryland 20817
7125 Whittier Blvd, Bethesda, Maryland 20817
5601 River Rd, Bethesda, Maryland 20816
7913 Macarthur Blvd, Cabin John, Maryland 20818
7300 Macarthur Blvd, Glen Echo, Maryland 20812
7300 Macarthur Blvd, Glen Echo, Maryland 20812
6110 Oberlin Ave, Glen Echo, Maryland 20812
7307 Macarthur Blvd, Bethesda, Maryland 20816
6729 Goldsboro Rd, Bethesda, Maryland 20817
6201 Dunrobbin Dr, Bethesda, Maryland 20816
6106 Harvard Ave, Glen Echo, Maryland 20812
6204 Crathie Ln, Bethesda, Maryland 20816
6400 Goldsboro Rd, Bethesda, Maryland 20817
6520 Dalroy Ln, Bethesda, Maryland 20817
6510 Kenhowe Dr, Bethesda, Maryland 20817
5120 Wissioming Rd, Bethesda, Maryland 20816
6124 River Rd, Bethesda, Maryland 20817
6301 River Rd, Bethesda, Maryland 20817
7600 Tomlinson Ave, Cabin John, Maryland 20818
7100 Whittier Blvd, Bethesda, Maryland 20817
5910 Goldsboro Rd, Bethesda, Maryland 20817
6324 Lenox Rd, Bethesda, Maryland 20817
5800 Cromwell Dr, Bethesda, Maryland 20816
7600 Macarthur Blvd, Cabin John, Maryland 20818
7687 Macarthur Blvd, Cabin John, Maryland 20818
7210 Hidden Creek Rd, Bethesda, Maryland 20817
7308 Nevis Rd, Bethesda, Maryland 20817
7100 Whittier Blvd, Bethesda, Maryland 20817
6904 River Rd, Bethesda, Maryland 20817
6904 River Rd, Bethesda, Maryland 20817
6205 Robinwood Rd, Bethesda, Maryland 20817
7125 Whittier Blvd, Bethesda, Maryland 20817
5601 River Rd, Bethesda, Maryland 20816
7913 Macarthur Blvd, Cabin John, Maryland 20818
7300 Macarthur Blvd, Glen Echo, Maryland 20812
7300 Macarthur Blvd, Glen Echo, Maryland 20812
6110 Oberlin Ave, Glen Echo, Maryland 20812
7307 Macarthur Blvd, Bethesda, Maryland 20816
6729 Goldsboro Rd, Bethesda, Maryland 20817
6201 Dunrobbin Dr, Bethesda, Maryland 20816
6106 Harvard Ave, Glen Echo, Maryland 20812
6204 Crathie Ln, Bethesda, Maryland 20816
6400 Goldsboro Rd, Bethesda, Maryland 20817
6520 Dalroy Ln, Bethesda, Maryland 20817
6510 Kenhowe Dr, Bethesda, Maryland 20817
5120 Wissioming Rd, Bethesda, Maryland 20816
6124 River Rd, Bethesda, Maryland 20817
6301 River Rd, Bethesda, Maryland 20817
7600 Tomlinson Ave, Cabin John, Maryland 20818
7100 Whittier Blvd, Bethesda, Maryland 20817
5910 Goldsboro Rd, Bethesda, Maryland 20817
6324 Lenox Rd, Bethesda, Maryland 20817
5800 Cromwell Dr, Bethesda, Maryland 20816
7600 Macarthur Blvd, Cabin John, Maryland 20818
7687 Macarthur Blvd, Cabin John, Maryland 20818
7210 Hidden Creek Rd, Bethesda, Maryland 20817
7308 Nevis Rd, Bethesda, Maryland 20817
7100 Whittier Blvd, Bethesda, Maryland 20817
6904 River Rd, Bethesda, Maryland 20817
6904 River Rd, Bethesda, Maryland 20817
6205 Robinwood Rd, Bethesda, Maryland 20817
7125 Whittier Blvd, Bethesda, Maryland 20817
5601 River Rd, Bethesda, Maryland 20816
7913 Macarthur Blvd, Cabin John, Maryland 20818
7300 Macarthur Blvd, Glen Echo, Maryland 20812
7300 Macarthur Blvd, Glen Echo, Maryland 20812
6110 Oberlin Ave, Glen Echo, Maryland 20812
7307 Macarthur Blvd, Bethesda, Maryland 20816
6729 Goldsboro Rd, Bethesda, Maryland 20817
6201 Dunrobbin Dr, Bethesda, Maryland 20816
6106 Harvard Ave, Glen Echo, Maryland 20812
6204 Crathie Ln, Bethesda, Maryland 20816
6400 Goldsboro Rd, Bethesda, Maryland 20817
6520 Dalroy Ln, Bethesda, Maryland 20817
6510 Kenhowe Dr, Bethesda, Maryland 20817
5120 Wissioming Rd, Bethesda, Maryland 20816
6124 River Rd, Bethesda, Maryland 20817
6301 River Rd, Bethesda, Maryland 20817
7600 Tomlinson Ave, Cabin John, Maryland 20818
7100 Whittier Blvd, Bethesda, Maryland 20817
5910 Goldsboro Rd, Bethesda, Maryland 20817
6324 Lenox Rd, Bethesda, Maryland 20817
5800 Cromwell Dr, Bethesda, Maryland 20816
7600 Macarthur Blvd, Cabin John, Maryland 20818
7687 Macarthur Blvd, Cabin John, Maryland 20818
7210 Hidden Creek Rd, Bethesda, Maryland 20817
7308 Nevis Rd, Bethesda, Maryland 20817
7100 Whittier Blvd, Bethesda, Maryland 20817
6904 River Rd, Bethesda, Maryland 20817
6904 River Rd, Bethesda, Maryland 20817
6205 Robinwood Rd, Bethesda, Maryland 20817
7125 Whittier Blvd, Bethesda, Maryland 20817
5601 River Rd, Bethesda, Maryland 20816
7913 Macarthur Blvd, Cabin John, Maryland 20818
7300 Macarthur Blvd, Glen Echo, Maryland 20812
7300 Macarthur Blvd, Glen Echo, Maryland 20812
6110 Oberlin Ave, Glen Echo, Maryland 20812
7307 Macarthur Blvd, Bethesda, Maryland 20816
6729 Goldsboro Rd, Bethesda, Maryland 20817
6201 Dunrobbin Dr, Bethesda, Maryland 20816
6106 Harvard Ave, Glen Echo, Maryland 20812
6204 Crathie Ln, Bethesda, Maryland 20816
6400 Goldsboro Rd, Bethesda, Maryland 20817
6520 Dalroy Ln, Bethesda, Maryland 20817
6510 Kenhowe Dr, Bethesda, Maryland 20817
5120 Wissioming Rd, Bethesda, Maryland 20816
6124 River Rd, Bethesda, Maryland 20817
6301 River Rd, Bethesda, Maryland 20817
7600 Tomlinson Ave, Cabin John, Maryland 20818
7100 Whittier Blvd, Bethesda, Maryland 20817
5910 Goldsboro Rd, Bethesda, Maryland 20817
6324 Lenox Rd, Bethesda, Maryland 20817
5800 Cromwell Dr, Bethesda, Maryland 20816
7600 Macarthur Blvd, Cabin John, Maryland 20818
7687 Macarthur Blvd, Cabin John, Maryland 20818
7210 Hidden Creek Rd, Bethesda, Maryland 20817
7308 Nevis Rd, Bethesda, Maryland 20817
7100 Whittier Blvd, Bethesda, Maryland 20817
6904 River Rd, Bethesda, Maryland 20817
6904 River Rd, Bethesda, Maryland 20817
6205 Robinwood Rd, Bethesda, Maryland 20817
7125 Whittier Blvd, Bethesda, Maryland 20817
5601 River Rd, Bethesda, Maryland 20816
7913 Macarthur Blvd, Cabin John, Maryland 20818
7300 Macarthur Blvd, Glen Echo, Maryland 20812
7300 Macarthur Blvd, Glen Echo, Maryland 20812
6110 Oberlin Ave, Glen Echo, Maryland 20812
7307 Macarthur Blvd, Bethesda, Maryland 20816
6729 Goldsboro Rd, Bethesda, Maryland 20817
6201 Dunrobbin Dr, Bethesda, Maryland 20816
6106 Harvard Ave, Glen Echo, Maryland 20812
6204 Crathie Ln, Bethesda, Maryland 20816
6400 Goldsboro Rd, Bethesda, Maryland 20817
6520 Dalroy Ln, Bethesda, Maryland 20817
6510 Kenhowe Dr, Bethesda, Maryland 20817
5120 Wissioming Rd, Bethesda, Maryland 20816
6124 River Rd, Bethesda, Maryland 20817
6301 River Rd, Bethesda, Maryland 20817
7600 Tomlinson Ave, Cabin John, Maryland 20818
7100 Whittier Blvd, Bethesda, Maryland 20817
5910 Goldsboro Rd, Bethesda, Maryland 20817
6324 Lenox Rd, Bethesda, Maryland 20817
5800 Cromwell Dr, Bethesda, Maryland 20816
7600 Macarthur Blvd, Cabin John, Maryland 20818
7687 Macarthur Blvd, Cabin John, Maryland 20818
7210 Hidden Creek Rd, Bethesda, Maryland 20817
7308 Nevis Rd, Bethesda, Maryland 20817
7100 Whittier Blvd, Bethesda, Maryland 20817
6904 River Rd, Bethesda, Maryland 20817
6904 River Rd, Bethesda, Maryland 20817
6205 Robinwood Rd, Bethesda, Maryland 20817
7125 Whittier Blvd, Bethesda, Maryland 20817
5601 River Rd, Bethesda, Maryland 20816
7913 Macarthur Blvd, Cabin John, Maryland 20818
7300 Macarthur Blvd, Glen Echo, Maryland 20812
7300 Macarthur Blvd, Glen Echo, Maryland 20812
6110 Oberlin Ave, Glen Echo, Maryland 20812
7307 Macarthur Blvd, Bethesda, Maryland 20816
6729 Goldsboro Rd, Bethesda, Maryland 20817
6201 Dunrobbin Dr, Bethesda, Maryland 20816
6106 Harvard Ave, Glen Echo, Maryland 20812
6204 Crathie Ln, Bethesda, Maryland 20816
6400 Goldsboro Rd, Bethesda, Maryland 20817
6520 Dalroy Ln, Bethesda, Maryland 20817
6510 Kenhowe Dr, Bethesda, Maryland 20817
5120 Wissioming Rd, Bethesda, Maryland 20816
6124 River Rd, Bethesda, Maryland 20817
6301 River Rd, Bethesda, Maryland 20817
7600 Tomlinson Ave, Cabin John, Maryland 20818
7100 Whittier Blvd, Bethesda, Maryland 20817
5910 Goldsboro Rd, Bethesda, Maryland 20817
6324 Lenox Rd, Bethesda, Maryland 20817
5800 Cromwell Dr, Bethesda, Maryland 20816
7600 Macarthur Blvd, Cabin John, Maryland 20818
7687 Macarthur Blvd, Cabin John, Maryland 20818
7210 Hidden Creek Rd, Bethesda, Maryland 20817
7308 Nevis Rd, Bethesda, Maryland 20817
7100 Whittier Blvd, Bethesda, Maryland 20817
6904 River Rd, Bethesda, Maryland 20817
6904 River Rd, Bethesda, Maryland 20817
6205 Robinwood Rd, Bethesda, Maryland 20817
7125 Whittier Blvd, Bethesda, Maryland 20817
5601 River Rd, Bethesda, Maryland 20816
7913 Macarthur Blvd, Cabin John, Maryland 20818
7300 Macarthur Blvd, Glen Echo, Maryland 20812
7300 Macarthur Blvd, Glen Echo, Maryland 20812
6110 Oberlin Ave, Glen Echo, Maryland 20812
7307 Macarthur Blvd, Bethesda, Maryland 20816
6729 Goldsboro Rd, Bethesda, Maryland 20817
6201 Dunrobbin Dr, Bethesda, Maryland 20816
6106 Harvard Ave, Glen Echo, Maryland 20812
6204 Crathie Ln, Bethesda, Maryland 20816
6400 Goldsboro Rd, Bethesda, Maryland 20817
6520 Dalroy Ln, Bethesda, Maryland 20817
6510 Kenhowe Dr, Bethesda, Maryland 20817
5120 Wissioming Rd, Bethesda, Maryland 20816
6124 River Rd, Bethesda, Maryland 20817
6301 River Rd, Bethesda, Maryland 20817
7600 Tomlinson Ave, Cabin John, Maryland 20818
7100 Whittier Blvd, Bethesda, Maryland 20817
5910 Goldsboro Rd, Bethesda, Maryland 20817
6324 Lenox Rd, Bethesda, Maryland 20817
5800 Cromwell Dr, Bethesda, Maryland 20816
7600 Macarthur Blvd, Cabin John, Maryland 20818
7687 Macarthur Blvd, Cabin John, Maryland 20818
7210 Hidden Creek Rd, Bethesda, Maryland 20817
7308 Nevis Rd, Bethesda, Maryland 20817
7100 Whittier Blvd, Bethesda, Maryland 20817
6904 River Rd, Bethesda, Maryland 20817
6904 River Rd, Bethesda, Maryland 20817
6205 Robinwood Rd, Bethesda, Maryland 20817
7125 Whittier Blvd, Bethesda, Maryland 20817
5601 River Rd, Bethesda, Maryland 20816
7913 Macarthur Blvd, Cabin John, Maryland 20818
7300 Macarthur Blvd, Glen Echo, Maryland 20812
7300 Macarthur Blvd, Glen Echo, Maryland 20812
6110 Oberlin Ave, Glen Echo, Maryland 20812
7307 Macarthur Blvd, Bethesda, Maryland 20816
6729 Goldsboro Rd, Bethesda, Maryland 20817
6201 Dunrobbin Dr, Bethesda, Maryland 20816
6106 Harvard Ave, Glen Echo, Maryland 20812
6204 Crathie Ln, Bethesda, Maryland 20816
6400 Goldsboro Rd, Bethesda, Maryland 20817
6520 Dalroy Ln, Bethesda, Maryland 20817
6510 Kenhowe Dr, Bethesda, Maryland 20817
5120 Wissioming Rd, Bethesda, Maryland 20816
6124 River Rd, Bethesda, Maryland 20817
6301 River Rd, Bethesda, Maryland 20817
7600 Tomlinson Ave, Cabin John, Maryland 20818
7100 Whittier Blvd, Bethesda, Maryland 20817
5910 Goldsboro Rd, Bethesda, Maryland 20817
6324 Lenox Rd, Bethesda, Maryland 20817
5800 Cromwell Dr, Bethesda, Maryland 20816
7600 Macarthur Blvd, Cabin John, Maryland 20818
7687 Macarthur Blvd, Cabin John, Maryland 20818
7210 Hidden Creek Rd, Bethesda, Maryland 20817
7308 Nevis Rd, Bethesda, Maryland 20817
7100 Whittier Blvd, Bethesda, Maryland 20817
6904 River Rd, Bethesda, Maryland 20817
6904 River Rd, Bethesda, Maryland 20817
6205 Robinwood Rd, Bethesda, Maryland 20817
7125 Whittier Blvd, Bethesda, Maryland 20817
5601 River Rd, Bethesda, Maryland 20816
7913 Macarthur Blvd, Cabin John, Maryland 20818
7300 Macarthur Blvd, Glen Echo, Maryland 20812
7300 Macarthur Blvd, Glen Echo, Maryland 20812
6110 Oberlin Ave, Glen Echo, Maryland 20812
7307 Macarthur Blvd, Bethesda, Maryland 20816
6729 Goldsboro Rd, Bethesda, Maryland 20817
6201 Dunrobbin Dr, Bethesda, Maryland 20816
6106 Harvard Ave, Glen Echo, Maryland 20812
6204 Crathie Ln, Bethesda, Maryland 20816
6400 Goldsboro Rd, Bethesda, Maryland 20817
6520 Dalroy Ln, Bethesda, Maryland 20817
6510 Kenhowe Dr, Bethesda, Maryland 20817
5120 Wissioming Rd, Bethesda, Maryland 20816
6124 River Rd, Bethesda, Maryland 20817
6301 River Rd, Bethesda, Maryland 20817
7600 Tomlinson Ave, Cabin John, Maryland 20818
7100 Whittier Blvd, Bethesda, Maryland 20817
5910 Goldsboro Rd, Bethesda, Maryland 20817
6324 Lenox Rd, Bethesda, Maryland 20817
5800 Cromwell Dr, Bethesda, Maryland 20816
7600 Macarthur Blvd, Cabin John, Maryland 20818
7687 Macarthur Blvd, Cabin John, Maryland 20818
7210 Hidden Creek Rd, Bethesda, Maryland 20817
7308 Nevis Rd, Bethesda, Maryland 20817
7100 Whittier Blvd, Bethesda, Maryland 20817
6904 River Rd, Bethesda, Maryland 20817
6904 River Rd, Bethesda, Maryland 20817
6205 Robinwood Rd, Bethesda, Maryland 20817
7125 Whittier Blvd, Bethesda, Maryland 20817
5601 River Rd, Bethesda, Maryland 20816
7913 Macarthur Blvd, Cabin John, Maryland 20818
7300 Macarthur Blvd, Glen Echo, Maryland 20812
7300 Macarthur Blvd, Glen Echo, Maryland 20812
6110 Oberlin Ave, Glen Echo, Maryland 20812
7307 Macarthur Blvd, Bethesda, Maryland 20816
6729 Goldsboro Rd, Bethesda, Maryland 20817
6201 Dunrobbin Dr, Bethesda, Maryland 20816
6106 Harvard Ave, Glen Echo, Maryland 20812
6204 Crathie Ln, Bethesda, Maryland 20816
6400 Goldsboro Rd, Bethesda, Maryland 20817
6520 Dalroy Ln, Bethesda, Maryland 20817
6510 Kenhowe Dr, Bethesda, Maryland 20817
5120 Wissioming Rd, Bethesda, Maryland 20816
6124 River Rd, Bethesda, Maryland 20817
6301 River Rd, Bethesda, Maryland 20817
7600 Tomlinson Ave, Cabin John, Maryland 20818
7100 Whittier Blvd, Bethesda, Maryland 20817
5910 Goldsboro Rd, Bethesda, Maryland 20817
6324 Lenox Rd, Bethesda, Maryland 20817
5800 Cromwell Dr, Bethesda, Maryland 20816
7600 Macarthur Blvd, Cabin John, Maryland 20818
7687 Macarthur Blvd, Cabin John, Maryland 20818
7210 Hidden Creek Rd, Bethesda, Maryland 20817
7308 Nevis Rd, Bethesda, Maryland 20817
7100 Whittier Blvd, Bethesda, Maryland 20817
6904 River Rd, Bethesda, Maryland 20817
6904 River Rd, Bethesda, Maryland 20817
6205 Robinwood Rd, Bethesda, Maryland 20817
7125 Whittier Blvd, Bethesda, Maryland 20817
5601 River Rd, Bethesda, Maryland 20816
7913 Macarthur Blvd, Cabin John, Maryland 20818
7300 Macarthur Blvd, Glen Echo, Maryland 20812
7300 Macarthur Blvd, Glen Echo, Maryland 20812
6110 Oberlin Ave, Glen Echo, Maryland 20812
7307 Macarthur Blvd, Bethesda, Maryland 20816
6729 Goldsboro Rd, Bethesda, Maryland 20817
6201 Dunrobbin Dr, Bethesda, Maryland 20816
6106 Harvard Ave, Glen Echo, Maryland 20812
6204 Crathie Ln, Bethesda, Maryland 20816
6400 Goldsboro Rd, Bethesda, Maryland 20817
6520 Dalroy Ln, Bethesda, Maryland 20817
6510 Kenhowe Dr, Bethesda, Maryland 20817
5120 Wissioming Rd, Bethesda, Maryland 20816
6124 River Rd, Bethesda, Maryland 20817
6301 River Rd, Bethesda, Maryland 20817
7600 Tomlinson Ave, Cabin John, Maryland 20818
7100 Whittier Blvd, Bethesda, Maryland 20817
5910 Goldsboro Rd, Bethesda, Maryland 20817
6324 Lenox Rd, Bethesda, Maryland 20817
5800 Cromwell Dr, Bethesda, Maryland 20816
7600 Macarthur Blvd, Cabin John, Maryland 20818
7687 Macarthur Blvd, Cabin John, Maryland 20818
7210 Hidden Creek Rd, Bethesda, Maryland 20817
7308 Nevis Rd, Bethesda, Maryland 20817
7100 Whittier Blvd, Bethesda, Maryland 20817
6904 River Rd, Bethesda, Maryland 20817
6904 River Rd, Bethesda, Maryland 20817
6205 Robinwood Rd, Bethesda, Maryland 20817
7125 Whittier Blvd, Bethesda, Maryland 20817
5601 River Rd, Bethesda, Maryland 20816
7913 Macarthur Blvd, Cabin John, Maryland 20818
7300 Macarthur Blvd, Glen Echo, Maryland 20812
7300 Macarthur Blvd, Glen Echo, Maryland 20812
6110 Oberlin Ave, Glen Echo, Maryland 20812
7307 Macarthur Blvd, Bethesda, Maryland 20816
6729 Goldsboro Rd, Bethesda, Maryland 20817
6201 Dunrobbin Dr, Bethesda, Maryland 20816
6106 Harvard Ave, Glen Echo, Maryland 20812
6204 Crathie Ln, Bethesda, Maryland 20816
6400 Goldsboro Rd, Bethesda, Maryland 20817
6520 Dalroy Ln, Bethesda, Maryland 20817
6510 Kenhowe Dr, Bethesda, Maryland 20817
5120 Wissioming Rd, Bethesda, Maryland 20816
6124 River Rd, Bethesda, Maryland 20817
6301 River Rd, Bethesda, Maryland 20817
7600 Tomlinson Ave, Cabin John, Maryland 20818
7100 Whittier Blvd, Bethesda, Maryland 20817
5910 Goldsboro Rd, Bethesda, Maryland 20817
6324 Lenox Rd, Bethesda, Maryland 20817
5800 Cromwell Dr, Bethesda, Maryland 20816
7600 Macarthur Blvd, Cabin John, Maryland 20818
7687 Macarthur Blvd, Cabin John, Maryland 20818
7210 Hidden Creek Rd, Bethesda, Maryland 20817
7308 Nevis Rd, Bethesda, Maryland 20817
7100 Whittier Blvd, Bethesda, Maryland 20817
6904 River Rd, Bethesda, Maryland 20817
6904 River Rd, Bethesda, Maryland 20817
6205 Robinwood Rd, Bethesda, Maryland 20817
7125 Whittier Blvd, Bethesda, Maryland 20817
5601 River Rd, Bethesda, Maryland 20816
7913 Macarthur Blvd, Cabin John, Maryland 20818
7300 Macarthur Blvd, Glen Echo, Maryland 20812
7300 Macarthur Blvd, Glen Echo, Maryland 20812
6110 Oberlin Ave, Glen Echo, Maryland 20812
7307 Macarthur Blvd, Bethesda, Maryland 20816
6729 Goldsboro Rd, Bethesda, Maryland 20817
6201 Dunrobbin Dr, Bethesda, Maryland 20816
6106 Harvard Ave, Glen Echo, Maryland 20812
6204 Crathie Ln, Bethesda, Maryland 20816
6400 Goldsboro Rd, Bethesda, Maryland 20817
6520 Dalroy Ln, Bethesda, Maryland 20817
6510 Kenhowe Dr, Bethesda, Maryland 20817
5120 Wissioming Rd, Bethesda, Maryland 20816
6124 River Rd, Bethesda, Maryland 20817
6301 River Rd, Bethesda, Maryland 20817
7600 Tomlinson Ave, Cabin John, Maryland 20818
7100 Whittier Blvd, Bethesda, Maryland 20817
5910 Goldsboro Rd, Bethesda, Maryland 20817
6324 Lenox Rd, Bethesda, Maryland 20817
5800 Cromwell Dr, Bethesda, Maryland 20816
7600 Macarthur Blvd, Cabin John, Maryland 20818
7687 Macarthur Blvd, Cabin John, Maryland 20818
7210 Hidden Creek Rd, Bethesda, Maryland 20817
7308 Nevis Rd, Bethesda, Maryland 20817
7100 Whittier Blvd, Bethesda, Maryland 20817
6904 River Rd, Bethesda, Maryland 20817
6904 River Rd, Bethesda, Maryland 20817
6205 Robinwood Rd, Bethesda, Maryland 20817
7125 Whittier Blvd, Bethesda, Maryland 20817
5601 River Rd, Bethesda, Maryland 20816
7913 Macarthur Blvd, Cabin John, Maryland 20818
7300 Macarthur Blvd, Glen Echo, Maryland 20812
7300 Macarthur Blvd, Glen Echo, Maryland 20812
6110 Oberlin Ave, Glen Echo, Maryland 20812
7307 Macarthur Blvd, Bethesda, Maryland 20816
6729 Goldsboro Rd, Bethesda, Maryland 20817
6201 Dunrobbin Dr, Bethesda, Maryland 20816
6106 Harvard Ave, Glen Echo, Maryland 20812
6204 Crathie Ln, Bethesda, Maryland 20816
6400 Goldsboro Rd, Bethesda, Maryland 20817
6520 Dalroy Ln, Bethesda, Maryland 20817
6510 Kenhowe Dr, Bethesda, Maryland 20817
5120 Wissioming Rd, Bethesda, Maryland 20816
6124 River Rd, Bethesda, Maryland 20817
6301 River Rd, Bethesda, Maryland 20817
7600 Tomlinson Ave, Cabin John, Maryland 20818
7100 Whittier Blvd, Bethesda, Maryland 20817
5910 Goldsboro Rd, Bethesda, Maryland 20817
6324 Lenox Rd, Bethesda, Maryland 20817
5800 Cromwell Dr, Bethesda, Maryland 20816
7600 Macarthur Blvd, Cabin John, Maryland 20818
7687 Macarthur Blvd, Cabin John, Maryland 20818
7210 Hidden Creek Rd, Bethesda, Maryland 20817
7308 Nevis Rd, Bethesda, Maryland 20817
7100 Whittier Blvd, Bethesda, Maryland 20817
6904 River Rd, Bethesda, Maryland 20817
6904 River Rd, Bethesda, Maryland 20817
6205 Robinwood Rd, Bethesda, Maryland 20817
7125 Whittier Blvd, Bethesda, Maryland 20817
5601 River Rd, Bethesda, Maryland 20816
7913 Macarthur Blvd, Cabin John, Maryland 20818
7300 Macarthur Blvd, Glen Echo, Maryland 20812
7300 Macarthur Blvd, Glen Echo, Maryland 20812
6110 Oberlin Ave, Glen Echo, Maryland 20812
7307 Macarthur Blvd, Bethesda, Maryland 20816
6729 Goldsboro Rd, Bethesda, Maryland 20817
6201 Dunrobbin Dr, Bethesda, Maryland 20816
6106 Harvard Ave, Glen Echo, Maryland 20812
6204 Crathie Ln, Bethesda, Maryland 20816
6400 Goldsboro Rd, Bethesda, Maryland 20817
6520 Dalroy Ln, Bethesda, Maryland 20817
6510 Kenhowe Dr, Bethesda, Maryland 20817
5120 Wissioming Rd, Bethesda, Maryland 20816
6124 River Rd, Bethesda, Maryland 20817
6301 River Rd, Bethesda, Maryland 20817
7600 Tomlinson Ave, Cabin John, Maryland 20818
7100 Whittier Blvd, Bethesda, Maryland 20817
5910 Goldsboro Rd, Bethesda, Maryland 20817
6324 Lenox Rd, Bethesda, Maryland 20817
5800 Cromwell Dr, Bethesda, Maryland 20816
7600 Macarthur Blvd, Cabin John, Maryland 20818
7687 Macarthur Blvd, Cabin John, Maryland 20818
7210 Hidden Creek Rd, Bethesda, Maryland 20817
7308 Nevis Rd, Bethesda, Maryland 20817
7100 Whittier Blvd, Bethesda, Maryland 20817
6904 River Rd, Bethesda, Maryland 20817
6904 River Rd, Bethesda, Maryland 20817
6205 Robinwood Rd, Bethesda, Maryland 20817
7125 Whittier Blvd, Bethesda, Maryland 20817
5601 River Rd, Bethesda, Maryland 20816
7913 Macarthur Blvd, Cabin John, Maryland 20818
7300 Macarthur Blvd, Glen Echo, Maryland 20812
7300 Macarthur Blvd, Glen Echo, Maryland 20812
6110 Oberlin Ave, Glen Echo, Maryland 20812
7307 Macarthur Blvd, Bethesda, Maryland 20816
6729 Goldsboro Rd, Bethesda, Maryland 20817
6201 Dunrobbin Dr, Bethesda, Maryland 20816
6106 Harvard Ave, Glen Echo, Maryland 20812
6204 Crathie Ln, Bethesda, Maryland 20816
6400 Goldsboro Rd, Bethesda, Maryland 20817
6520 Dalroy Ln, Bethesda, Maryland 20817
6510 Kenhowe Dr, Bethesda, Maryland 20817
5120 Wissioming Rd, Bethesda, Maryland 20816
6124 River Rd, Bethesda, Maryland 20817
6301 River Rd, Bethesda, Maryland 20817
7600 Tomlinson Ave, Cabin John, Maryland 20818
7100 Whittier Blvd, Bethesda, Maryland 20817
5910 Goldsboro Rd, Bethesda, Maryland 20817
6324 Lenox Rd, Bethesda, Maryland 20817
5800 Cromwell Dr, Bethesda, Maryland 20816
7600 Macarthur Blvd, Cabin John, Maryland 20818
7687 Macarthur Blvd, Cabin John, Maryland 20818
7210 Hidden Creek Rd, Bethesda, Maryland 20817
7308 Nevis Rd, Bethesda, Maryland 20817
7100 Whittier Blvd, Bethesda, Maryland 20817
6904 River Rd, Bethesda, Maryland 20817
6904 River Rd, Bethesda, Maryland 20817
6205 Robinwood Rd, Bethesda, Maryland 20817
7125 Whittier Blvd, Bethesda, Maryland 20817
5601 River Rd, Bethesda, Maryland 20816
7913 Macarthur Blvd, Cabin John, Maryland 20818
7300 Macarthur Blvd, Glen Echo, Maryland 20812
7300 Macarthur Blvd, Glen Echo, Maryland 20812
6110 Oberlin Ave, Glen Echo, Maryland 20812
7307 Macarthur Blvd, Bethesda, Maryland 20816
6729 Goldsboro Rd, Bethesda, Maryland 20817
6201 Dunrobbin Dr, Bethesda, Maryland 20816
6106 Harvard Ave, Glen Echo, Maryland 20812
6204 Crathie Ln, Bethesda, Maryland 20816
6400 Goldsboro Rd, Bethesda, Maryland 20817
6520 Dalroy Ln, Bethesda, Maryland 20817
6510 Kenhowe Dr, Bethesda, Maryland 20817
5120 Wissioming Rd, Bethesda, Maryland 20816
6124 River Rd, Bethesda, Maryland 20817
6301 River Rd, Bethesda, Maryland 20817
7600 Tomlinson Ave, Cabin John, Maryland 20818
7100 Whittier Blvd, Bethesda, Maryland 20817
5910 Goldsboro Rd, Bethesda, Maryland 20817
6324 Lenox Rd, Bethesda, Maryland 20817
5800 Cromwell Dr, Bethesda, Maryland 20816
7600 Macarthur Blvd, Cabin John, Maryland 20818
7687 Macarthur Blvd, Cabin John, Maryland 20818
7210 Hidden Creek Rd, Bethesda, Maryland 20817
7308 Nevis Rd, Bethesda, Maryland 20817
7100 Whittier Blvd, Bethesda, Maryland 20817
6904 River Rd, Bethesda, Maryland 20817
6904 River Rd, Bethesda, Maryland 20817
6205 Robinwood Rd, Bethesda, Maryland 20817
7125 Whittier Blvd, Bethesda, Maryland 20817
5601 River Rd, Bethesda, Maryland 20816
7913 Macarthur Blvd, Cabin John, Maryland 20818
7300 Macarthur Blvd, Glen Echo, Maryland 20812
7300 Macarthur Blvd, Glen Echo, Maryland 20812
6110 Oberlin Ave, Glen Echo, Maryland 20812
7307 Macarthur Blvd, Bethesda, Maryland 20816
6729 Goldsboro Rd, Bethesda, Maryland 20817
6201 Dunrobbin Dr, Bethesda, Maryland 20816
6106 Harvard Ave, Glen Echo, Maryland 20812
6204 Crathie Ln, Bethesda, Maryland 20816
6400 Goldsboro Rd, Bethesda, Maryland 20817
6520 Dalroy Ln, Bethesda, Maryland 20817
6510 Kenhowe Dr, Bethesda, Maryland 20817
5120 Wissioming Rd, Bethesda, Maryland 20816
6124 River Rd, Bethesda, Maryland 20817
6301 River Rd, Bethesda, Maryland 20817
7600 Tomlinson Ave, Cabin John, Maryland 20818
7100 Whittier Blvd, Bethesda, Maryland 20817
5910 Goldsboro Rd, Bethesda, Maryland 20817
6324 Lenox Rd, Bethesda, Maryland 20817
5800 Cromwell Dr, Bethesda, Maryland 20816
7600 Macarthur Blvd, Cabin John, Maryland 20818
7687 Macarthur Blvd, Cabin John, Maryland 20818
7210 Hidden Creek Rd, Bethesda, Maryland 20817
7308 Nevis Rd, Bethesda, Maryland 20817
7100 Whittier Blvd, Bethesda, Maryland 20817
6904 River Rd, Bethesda, Maryland 20817
6904 River Rd, Bethesda, Maryland 20817
6205 Robinwood Rd, Bethesda, Maryland 20817
7125 Whittier Blvd, Bethesda, Maryland 20817
5601 River Rd, Bethesda, Maryland 20816
7913 Macarthur Blvd, Cabin John, Maryland 20818
7300 Macarthur Blvd, Glen Echo, Maryland 20812
7300 Macarthur Blvd, Glen Echo, Maryland 20812
6110 Oberlin Ave, Glen Echo, Maryland 20812
7307 Macarthur Blvd, Bethesda, Maryland 20816
6729 Goldsboro Rd, Bethesda, Maryland 20817
6201 Dunrobbin Dr, Bethesda, Maryland 20816
6106 Harvard Ave, Glen Echo, Maryland 20812
6204 Crathie Ln, Bethesda, Maryland 20816
6400 Goldsboro Rd, Bethesda, Maryland 20817
6520 Dalroy Ln, Bethesda, Maryland 20817
6510 Kenhowe Dr, Bethesda, Maryland 20817
5120 Wissioming Rd, Bethesda, Maryland 20816
6124 River Rd, Bethesda, Maryland 20817
6301 River Rd, Bethesda, Maryland 20817
7600 Tomlinson Ave, Cabin John, Maryland 20818
7100 Whittier Blvd, Bethesda, Maryland 20817
5910 Goldsboro Rd, Bethesda, Maryland 20817
6324 Lenox Rd, Bethesda, Maryland 20817
5800 Cromwell Dr, Bethesda, Maryland 20816
7600 Macarthur Blvd, Cabin John, Maryland 20818
7687 Macarthur Blvd, Cabin John, Maryland 20818
7210 Hidden Creek Rd, Bethesda, Maryland 20817
7308 Nevis Rd, Bethesda, Maryland 20817
7100 Whittier Blvd, Bethesda, Maryland 20817
6904 River Rd, Bethesda, Maryland 20817
6904 River Rd, Bethesda, Maryland 20817
6205 Robinwood Rd, Bethesda, Maryland 20817
7125 Whittier Blvd, Bethesda, Maryland 20817
5601 River Rd, Bethesda, Maryland 20816
7913 Macarthur Blvd, Cabin John, Maryland 20818
7300 Macarthur Blvd, Glen Echo, Maryland 20812
7300 Macarthur Blvd, Glen Echo, Maryland 20812
6110 Oberlin Ave, Glen Echo, Maryland 20812
7307 Macarthur Blvd, Bethesda, Maryland 20816
6729 Goldsboro Rd, Bethesda, Maryland 20817
6201 Dunrobbin Dr, Bethesda, Maryland 20816
6106 Harvard Ave, Glen Echo, Maryland 20812
6204 Crathie Ln, Bethesda, Maryland 20816
6400 Goldsboro Rd, Bethesda, Maryland 20817
6520 Dalroy Ln, Bethesda, Maryland 20817
6510 Kenhowe Dr, Bethesda, Maryland 20817
5120 Wissioming Rd, Bethesda, Maryland 20816
6124 River Rd, Bethesda, Maryland 20817
6301 River Rd, Bethesda, Maryland 20817
7600 Tomlinson Ave, Cabin John, Maryland 20818
7100 Whittier Blvd, Bethesda, Maryland 20817
5910 Goldsboro Rd, Bethesda, Maryland 20817
6324 Lenox Rd, Bethesda, Maryland 20817
5800 Cromwell Dr, Bethesda, Maryland 20816
7600 Macarthur Blvd, Cabin John, Maryland 20818
7687 Macarthur Blvd, Cabin John, Maryland 20818
7210 Hidden Creek Rd, Bethesda, Maryland 20817
7308 Nevis Rd, Bethesda, Maryland 20817
7100 Whittier Blvd, Bethesda, Maryland 20817
6904 River Rd, Bethesda, Maryland 20817
6904 River Rd, Bethesda, Maryland 20817
6205 Robinwood Rd, Bethesda, Maryland 20817
7125 Whittier Blvd, Bethesda, Maryland 20817
5601 River Rd, Bethesda, Maryland 20816
7913 Macarthur Blvd, Cabin John, Maryland 20818
7300 Macarthur Blvd, Glen Echo, Maryland 20812
7300 Macarthur Blvd, Glen Echo, Maryland 20812
6110 Oberlin Ave, Glen Echo, Maryland 20812
7307 Macarthur Blvd, Bethesda, Maryland 20816
6729 Goldsboro Rd, Bethesda, Maryland 20817
6201 Dunrobbin Dr, Bethesda, Maryland 20816
6106 Harvard Ave, Glen Echo, Maryland 20812
6204 Crathie Ln, Bethesda, Maryland 20816
6400 Goldsboro Rd, Bethesda, Maryland 20817
6520 Dalroy Ln, Bethesda, Maryland 20817
6510 Kenhowe Dr, Bethesda, Maryland 20817
5120 Wissioming Rd, Bethesda, Maryland 20816
6124 River Rd, Bethesda, Maryland 20817
6301 River Rd, Bethesda, Maryland 20817
7600 Tomlinson Ave, Cabin John, Maryland 20818
7100 Whittier Blvd, Bethesda, Maryland 20817
5910 Goldsboro Rd, Bethesda, Maryland 20817
6324 Lenox Rd, Bethesda, Maryland 20817
5800 Cromwell Dr, Bethesda, Maryland 20816
7600 Macarthur Blvd, Cabin John, Maryland 20818
7687 Macarthur Blvd, Cabin John, Maryland 20818
7210 Hidden Creek Rd, Bethesda, Maryland 20817
7308 Nevis Rd, Bethesda, Maryland 20817
7100 Whittier Blvd, Bethesda, Maryland 20817
6904 River Rd, Bethesda, Maryland 20817
6904 River Rd, Bethesda, Maryland 20817
6205 Robinwood Rd, Bethesda, Maryland 20817
7125 Whittier Blvd, Bethesda, Maryland 20817
5601 River Rd, Bethesda, Maryland 20816
7913 Macarthur Blvd, Cabin John, Maryland 20818
7300 Macarthur Blvd, Glen Echo, Maryland 20812
7300 Macarthur Blvd, Glen Echo, Maryland 20812
6110 Oberlin Ave, Glen Echo, Maryland 20812
7307 Macarthur Blvd, Bethesda, Maryland 20816
6729 Goldsboro Rd, Bethesda, Maryland 20817
6201 Dunrobbin Dr, Bethesda, Maryland 20816
6106 Harvard Ave, Glen Echo, Maryland 20812
6204 Crathie Ln, Bethesda, Maryland 20816
6400 Goldsboro Rd, Bethesda, Maryland 20817
6520 Dalroy Ln, Bethesda, Maryland 20817
6510 Kenhowe Dr, Bethesda, Maryland 20817
5120 Wissioming Rd, Bethesda, Maryland 20816
6124 River Rd, Bethesda, Maryland 20817
6301 River Rd, Bethesda, Maryland 20817
7600 Tomlinson Ave, Cabin John, Maryland 20818
7100 Whittier Blvd, Bethesda, Maryland 20817
5910 Goldsboro Rd, Bethesda, Maryland 20817
6324 Lenox Rd, Bethesda, Maryland 20817
5800 Cromwell Dr, Bethesda, Maryland 20816
7600 Macarthur Blvd, Cabin John, Maryland 20818
7687 Macarthur Blvd, Cabin John, Maryland 20818
7210 Hidden Creek Rd, Bethesda, Maryland 20817
7308 Nevis Rd, Bethesda, Maryland 20817
7100 Whittier Blvd, Bethesda, Maryland 20817
6904 River Rd, Bethesda, Maryland 20817
6904 River Rd, Bethesda, Maryland 20817
6205 Robinwood Rd, Bethesda, Maryland 20817
7125 Whittier Blvd, Bethesda, Maryland 20817
5601 River Rd, Bethesda, Maryland 20816
7913 Macarthur Blvd, Cabin John, Maryland 20818
7300 Macarthur Blvd, Glen Echo, Maryland 20812
7300 Macarthur Blvd, Glen Echo, Maryland 20812
6110 Oberlin Ave, Glen Echo, Maryland 20812
7307 Macarthur Blvd, Bethesda, Maryland 20816
6729 Goldsboro Rd, Bethesda, Maryland 20817
6201 Dunrobbin Dr, Bethesda, Maryland 20816
6106 Harvard Ave, Glen Echo, Maryland 20812
6204 Crathie Ln, Bethesda, Maryland 20816
6400 Goldsboro Rd, Bethesda, Maryland 20817
6520 Dalroy Ln, Bethesda, Maryland 20817
6510 Kenhowe Dr, Bethesda, Maryland 20817
5120 Wissioming Rd, Bethesda, Maryland 20816
6124 River Rd, Bethesda, Maryland 20817
6301 River Rd, Bethesda, Maryland 20817
7600 Tomlinson Ave, Cabin John, Maryland 20818
7100 Whittier Blvd, Bethesda, Maryland 20817
5910 Goldsboro Rd, Bethesda, Maryland 20817
6324 Lenox Rd, Bethesda, Maryland 20817
5800 Cromwell Dr, Bethesda, Maryland 20816
7600 Macarthur Blvd, Cabin John, Maryland 20818
7687 Macarthur Blvd, Cabin John, Maryland 20818
7210 Hidden Creek Rd, Bethesda, Maryland 20817
7308 Nevis Rd, Bethesda, Maryland 20817
7100 Whittier Blvd, Bethesda, Maryland 20817
6904 River Rd, Bethesda, Maryland 20817
6904 River Rd, Bethesda, Maryland 20817
6205 Robinwood Rd, Bethesda, Maryland 20817
7125 Whittier Blvd, Bethesda, Maryland 20817
5601 River Rd, Bethesda, Maryland 20816
7913 Macarthur Blvd, Cabin John, Maryland 20818
7300 Macarthur Blvd, Glen Echo, Maryland 20812
7300 Macarthur Blvd, Glen Echo, Maryland 20812
6110 Oberlin Ave, Glen Echo, Maryland 20812
7307 Macarthur Blvd, Bethesda, Maryland 20816
6729 Goldsboro Rd, Bethesda, Maryland 20817
6201 Dunrobbin Dr, Bethesda, Maryland 20816
6106 Harvard Ave, Glen Echo, Maryland 20812
6204 Crathie Ln, Bethesda, Maryland 20816
6400 Goldsboro Rd, Bethesda, Maryland 20817
6520 Dalroy Ln, Bethesda, Maryland 20817
6510 Kenhowe Dr, Bethesda, Maryland 20817
5120 Wissioming Rd, Bethesda, Maryland 20816
6124 River Rd, Bethesda, Maryland 20817
6301 River Rd, Bethesda, Maryland 20817
7600 Tomlinson Ave, Cabin John, Maryland 20818
7100 Whittier Blvd, Bethesda, Maryland 20817
5910 Goldsboro Rd, Bethesda, Maryland 20817
6324 Lenox Rd, Bethesda, Maryland 20817
5800 Cromwell Dr, Bethesda, Maryland 20816
7600 Macarthur Blvd, Cabin John, Maryland 20818
7687 Macarthur Blvd, Cabin John, Maryland 20818
7210 Hidden Creek Rd, Bethesda, Maryland 20817
7308 Nevis Rd, Bethesda, Maryland 20817
7100 Whittier Blvd, Bethesda, Maryland 20817
6904 River Rd, Bethesda, Maryland 20817
6904 River Rd, Bethesda, Maryland 20817
6205 Robinwood Rd, Bethesda, Maryland 20817
7125 Whittier Blvd, Bethesda, Maryland 20817
5601 River Rd, Bethesda, Maryland 20816
7913 Macarthur Blvd, Cabin John, Maryland 20818
7300 Macarthur Blvd, Glen Echo, Maryland 20812
7300 Macarthur Blvd, Glen Echo, Maryland 20812
6110 Oberlin Ave, Glen Echo, Maryland 20812
7307 Macarthur Blvd, Bethesda, Maryland 20816
6729 Goldsboro Rd, Bethesda, Maryland 20817
6201 Dunrobbin Dr, Bethesda, Maryland 20816
6106 Harvard Ave, Glen Echo, Maryland 20812
6204 Crathie Ln, Bethesda, Maryland 20816
6400 Goldsboro Rd, Bethesda, Maryland 20817
6520 Dalroy Ln, Bethesda, Maryland 20817
6510 Kenhowe Dr, Bethesda, Maryland 20817
5120 Wissioming Rd, Bethesda, Maryland 20816
6124 River Rd, Bethesda, Maryland 20817
6301 River Rd, Bethesda, Maryland 20817
7600 Tomlinson Ave, Cabin John, Maryland 20818
7100 Whittier Blvd, Bethesda, Maryland 20817
5910 Goldsboro Rd, Bethesda, Maryland 20817
6324 Lenox Rd, Bethesda, Maryland 20817
5800 Cromwell Dr, Bethesda, Maryland 20816
7600 Macarthur Blvd, Cabin John, Maryland 20818
7687 Macarthur Blvd, Cabin John, Maryland 20818
7210 Hidden Creek Rd, Bethesda, Maryland 20817
7308 Nevis Rd, Bethesda, Maryland 20817
7100 Whittier Blvd, Bethesda, Maryland 20817
6904 River Rd, Bethesda, Maryland 20817
6904 River Rd, Bethesda, Maryland 20817
6205 Robinwood Rd, Bethesda, Maryland 20817
7125 Whittier Blvd, Bethesda, Maryland 20817
5601 River Rd, Bethesda, Maryland 20816
7913 Macarthur Blvd, Cabin John, Maryland 20818
7300 Macarthur Blvd, Glen Echo, Maryland 20812
7300 Macarthur Blvd, Glen Echo, Maryland 20812
6110 Oberlin Ave, Glen Echo, Maryland 20812
7307 Macarthur Blvd, Bethesda, Maryland 20816
6729 Goldsboro Rd, Bethesda, Maryland 20817
6201 Dunrobbin Dr, Bethesda, Maryland 20816
6106 Harvard Ave, Glen Echo, Maryland 20812
6204 Crathie Ln, Bethesda, Maryland 20816
6400 Goldsboro Rd, Bethesda, Maryland 20817
6520 Dalroy Ln, Bethesda, Maryland 20817
6510 Kenhowe Dr, Bethesda, Maryland 20817
5120 Wissioming Rd, Bethesda, Maryland 20816
6124 River Rd, Bethesda, Maryland 20817
6301 River Rd, Bethesda, Maryland 20817
7600 Tomlinson Ave, Cabin John, Maryland 20818
7100 Whittier Blvd, Bethesda, Maryland 20817
5910 Goldsboro Rd, Bethesda, Maryland 20817
6324 Lenox Rd, Bethesda, Maryland 20817
5800 Cromwell Dr, Bethesda, Maryland 20816
7600 Macarthur Blvd, Cabin John, Maryland 20818
7687 Macarthur Blvd, Cabin John, Maryland 20818
7210 Hidden Creek Rd, Bethesda, Maryland 20817
7308 Nevis Rd, Bethesda, Maryland 20817
7100 Whittier Blvd, Bethesda, Maryland 20817
6904 River Rd, Bethesda, Maryland 20817
6904 River Rd, Bethesda, Maryland 20817
6205 Robinwood Rd, Bethesda, Maryland 20817
7125 Whittier Blvd, Bethesda, Maryland 20817
5601 River Rd, Bethesda, Maryland 20816
7913 Macarthur Blvd, Cabin John, Maryland 20818
7300 Macarthur Blvd, Glen Echo, Maryland 20812
7300 Macarthur Blvd, Glen Echo, Maryland 20812
6110 Oberlin Ave, Glen Echo, Maryland 20812
7307 Macarthur Blvd, Bethesda, Maryland 20816
6729 Goldsboro Rd, Bethesda, Maryland 20817
6201 Dunrobbin Dr, Bethesda, Maryland 20816
6106 Harvard Ave, Glen Echo, Maryland 20812
6204 Crathie Ln, Bethesda, Maryland 20816
6400 Goldsboro Rd, Bethesda, Maryland 20817
6520 Dalroy Ln, Bethesda, Maryland 20817
6510 Kenhowe Dr, Bethesda, Maryland 20817
5120 Wissioming Rd, Bethesda, Maryland 20816
6124 River Rd, Bethesda, Maryland 20817
6301 River Rd, Bethesda, Maryland 20817
7600 Tomlinson Ave, Cabin John, Maryland 20818
7100 Whittier Blvd, Bethesda, Maryland 20817
5910 Goldsboro Rd, Bethesda, Maryland 20817
6324 Lenox Rd, Bethesda, Maryland 20817
5800 Cromwell Dr, Bethesda, Maryland 20816
7600 Macarthur Blvd, Cabin John, Maryland 20818
7687 Macarthur Blvd, Cabin John, Maryland 20818
7210 Hidden Creek Rd, Bethesda, Maryland 20817
7308 Nevis Rd, Bethesda, Maryland 20817
7100 Whittier Blvd, Bethesda, Maryland 20817
6904 River Rd, Bethesda, Maryland 20817
6904 River Rd, Bethesda, Maryland 20817
6205 Robinwood Rd, Bethesda, Maryland 20817
7125 Whittier Blvd, Bethesda, Maryland 20817
5601 River Rd, Bethesda, Maryland 20816
7913 Macarthur Blvd, Cabin John, Maryland 20818
7300 Macarthur Blvd, Glen Echo, Maryland 20812
7300 Macarthur Blvd, Glen Echo, Maryland 20812
6110 Oberlin Ave, Glen Echo, Maryland 20812
7307 Macarthur Blvd, Bethesda, Maryland 20816
6729 Goldsboro Rd, Bethesda, Maryland 20817
6201 Dunrobbin Dr, Bethesda, Maryland 20816
6106 Harvard Ave, Glen Echo, Maryland 20812
6204 Crathie Ln, Bethesda, Maryland 20816
6400 Goldsboro Rd, Bethesda, Maryland 20817
6520 Dalroy Ln, Bethesda, Maryland 20817
6510 Kenhowe Dr, Bethesda, Maryland 20817
5120 Wissioming Rd, Bethesda, Maryland 20816
6124 River Rd, Bethesda, Maryland 20817
6301 River Rd, Bethesda, Maryland 20817
7600 Tomlinson Ave, Cabin John, Maryland 20818
7100 Whittier Blvd, Bethesda, Maryland 20817
5910 Goldsboro Rd, Bethesda, Maryland 20817
6324 Lenox Rd, Bethesda, Maryland 20817
5800 Cromwell Dr, Bethesda, Maryland 20816
7600 Macarthur Blvd, Cabin John, Maryland 20818
7687 Macarthur Blvd, Cabin John, Maryland 20818
7210 Hidden Creek Rd, Bethesda, Maryland 20817
7308 Nevis Rd, Bethesda, Maryland 20817
7100 Whittier Blvd, Bethesda, Maryland 20817
6904 River Rd, Bethesda, Maryland 20817
6904 River Rd, Bethesda, Maryland 20817
6205 Robinwood Rd, Bethesda, Maryland 20817
7125 Whittier Blvd, Bethesda, Maryland 20817
5601 River Rd, Bethesda, Maryland 20816
7913 Macarthur Blvd, Cabin John, Maryland 20818
7300 Macarthur Blvd, Glen Echo, Maryland 20812
7300 Macarthur Blvd, Glen Echo, Maryland 20812
6110 Oberlin Ave, Glen Echo, Maryland 20812
7307 Macarthur Blvd, Bethesda, Maryland 20816
6729 Goldsboro Rd, Bethesda, Maryland 20817
6201 Dunrobbin Dr, Bethesda, Maryland 20816
6106 Harvard Ave, Glen Echo, Maryland 20812
6204 Crathie Ln, Bethesda, Maryland 20816
6400 Goldsboro Rd, Bethesda, Maryland 20817
6520 Dalroy Ln, Bethesda, Maryland 20817
6510 Kenhowe Dr, Bethesda, Maryland 20817
5120 Wissioming Rd, Bethesda, Maryland 20816
6124 River Rd, Bethesda, Maryland 20817
6301 River Rd, Bethesda, Maryland 20817
7600 Tomlinson Ave, Cabin John, Maryland 20818
7100 Whittier Blvd, Bethesda, Maryland 20817
5910 Goldsboro Rd, Bethesda, Maryland 20817
6324 Lenox Rd, Bethesda, Maryland 20817
5800 Cromwell Dr, Bethesda, Maryland 20816
7600 Macarthur Blvd, Cabin John, Maryland 20818
7687 Macarthur Blvd, Cabin John, Maryland 20818
7210 Hidden Creek Rd, Bethesda, Maryland 20817
7308 Nevis Rd, Bethesda, Maryland 20817
7100 Whittier Blvd, Bethesda, Maryland 20817
6904 River Rd, Bethesda, Maryland 20817
6904 River Rd, Bethesda, Maryland 20817
6205 Robinwood Rd, Bethesda, Maryland 20817
7125 Whittier Blvd, Bethesda, Maryland 20817
5601 River Rd, Bethesda, Maryland 20816
7913 Macarthur Blvd, Cabin John, Maryland 20818
7300 Macarthur Blvd, Glen Echo, Maryland 20812
7300 Macarthur Blvd, Glen Echo, Maryland 20812
6110 Oberlin Ave, Glen Echo, Maryland 20812
7307 Macarthur Blvd, Bethesda, Maryland 20816
6729 Goldsboro Rd, Bethesda, Maryland 20817
6201 Dunrobbin Dr, Bethesda, Maryland 20816
6106 Harvard Ave, Glen Echo, Maryland 20812
6204 Crathie Ln, Bethesda, Maryland 20816
6400 Goldsboro Rd, Bethesda, Maryland 20817
6520 Dalroy Ln, Bethesda, Maryland 20817
6510 Kenhowe Dr, Bethesda, Maryland 20817
5120 Wissioming Rd, Bethesda, Maryland 20816
6124 River Rd, Bethesda, Maryland 20817
6301 River Rd, Bethesda, Maryland 20817
7600 Tomlinson Ave, Cabin John, Maryland 20818
7100 Whittier Blvd, Bethesda, Maryland 20817
5910 Goldsboro Rd, Bethesda, Maryland 20817
6324 Lenox Rd, Bethesda, Maryland 20817
5800 Cromwell Dr, Bethesda, Maryland 20816
7600 Macarthur Blvd, Cabin John, Maryland 20818
7687 Macarthur Blvd, Cabin John, Maryland 20818
7210 Hidden Creek Rd, Bethesda, Maryland 20817
7308 Nevis Rd, Bethesda, Maryland 20817
7100 Whittier Blvd, Bethesda, Maryland 20817
6904 River Rd, Bethesda, Maryland 20817
6904 River Rd, Bethesda, Maryland 20817
6205 Robinwood Rd, Bethesda, Maryland 20817
7125 Whittier Blvd, Bethesda, Maryland 20817
5601 River Rd, Bethesda, Maryland 20816
7913 Macarthur Blvd, Cabin John, Maryland 20818
7300 Macarthur Blvd, Glen Echo, Maryland 20812
7300 Macarthur Blvd, Glen Echo, Maryland 20812
6110 Oberlin Ave, Glen Echo, Maryland 20812
7307 Macarthur Blvd, Bethesda, Maryland 20816
6729 Goldsboro Rd, Bethesda, Maryland 20817
6201 Dunrobbin Dr, Bethesda, Maryland 20816
6106 Harvard Ave, Glen Echo, Maryland 20812
6204 Crathie Ln, Bethesda, Maryland 20816
6400 Goldsboro Rd, Bethesda, Maryland 20817
6520 Dalroy Ln, Bethesda, Maryland 20817
6510 Kenhowe Dr, Bethesda, Maryland 20817
5120 Wissioming Rd, Bethesda, Maryland 20816
6124 River Rd, Bethesda, Maryland 20817
6301 River Rd, Bethesda, Maryland 20817
7600 Tomlinson Ave, Cabin John, Maryland 20818
7100 Whittier Blvd, Bethesda, Maryland 20817
5910 Goldsboro Rd, Bethesda, Maryland 20817
6324 Lenox Rd, Bethesda, Maryland 20817
5800 Cromwell Dr, Bethesda, Maryland 20816
7600 Macarthur Blvd, Cabin John, Maryland 20818
7687 Macarthur Blvd, Cabin John, Maryland 20818
7210 Hidden Creek Rd, Bethesda, Maryland 20817
7308 Nevis Rd, Bethesda, Maryland 20817
7100 Whittier Blvd, Bethesda, Maryland 20817
6904 River Rd, Bethesda, Maryland 20817
6904 River Rd, Bethesda, Maryland 20817
6205 Robinwood Rd, Bethesda, Maryland 20817
7125 Whittier Blvd, Bethesda, Maryland 20817
5601 River Rd, Bethesda, Maryland 20816
7913 Macarthur Blvd, Cabin John, Maryland 20818
7300 Macarthur Blvd, Glen Echo, Maryland 20812
7300 Macarthur Blvd, Glen Echo, Maryland 20812
6110 Oberlin Ave, Glen Echo, Maryland 20812
7307 Macarthur Blvd, Bethesda, Maryland 20816
6729 Goldsboro Rd, Bethesda, Maryland 20817
6201 Dunrobbin Dr, Bethesda, Maryland 20816
6106 Harvard Ave, Glen Echo, Maryland 20812
6204 Crathie Ln, Bethesda, Maryland 20816
6400 Goldsboro Rd, Bethesda, Maryland 20817
6520 Dalroy Ln, Bethesda, Maryland 20817
6510 Kenhowe Dr, Bethesda, Maryland 20817
5120 Wissioming Rd, Bethesda, Maryland 20816
6124 River Rd, Bethesda, Maryland 20817
6301 River Rd, Bethesda, Maryland 20817
7600 Tomlinson Ave, Cabin John, Maryland 20818
7100 Whittier Blvd, Bethesda, Maryland 20817
5910 Goldsboro Rd, Bethesda, Maryland 20817
6324 Lenox Rd, Bethesda, Maryland 20817
5800 Cromwell Dr, Bethesda, Maryland 20816
7600 Macarthur Blvd, Cabin John, Maryland 20818
7687 Macarthur Blvd, Cabin John, Maryland 20818
7210 Hidden Creek Rd, Bethesda, Maryland 20817
7308 Nevis Rd, Bethesda, Maryland 20817
7100 Whittier Blvd, Bethesda, Maryland 20817
6904 River Rd, Bethesda, Maryland 20817
6904 River Rd, Bethesda, Maryland 20817
6205 Robinwood Rd, Bethesda, Maryland 20817
7125 Whittier Blvd, Bethesda, Maryland 20817
5601 River Rd, Bethesda, Maryland 20816
7913 Macarthur Blvd, Cabin John, Maryland 20818
7300 Macarthur Blvd, Glen Echo, Maryland 20812
7300 Macarthur Blvd, Glen Echo, Maryland 20812
6110 Oberlin Ave, Glen Echo, Maryland 20812
7307 Macarthur Blvd, Bethesda, Maryland 20816
6729 Goldsboro Rd, Bethesda, Maryland 20817
6201 Dunrobbin Dr, Bethesda, Maryland 20816
6106 Harvard Ave, Glen Echo, Maryland 20812
6204 Crathie Ln, Bethesda, Maryland 20816
6400 Goldsboro Rd, Bethesda, Maryland 20817
6520 Dalroy Ln, Bethesda, Maryland 20817
6510 Kenhowe Dr, Bethesda, Maryland 20817
5120 Wissioming Rd, Bethesda, Maryland 20816
6124 River Rd, Bethesda, Maryland 20817
6301 River Rd, Bethesda, Maryland 20817
7600 Tomlinson Ave, Cabin John, Maryland 20818
7100 Whittier Blvd, Bethesda, Maryland 20817
5910 Goldsboro Rd, Bethesda, Maryland 20817
6324 Lenox Rd, Bethesda, Maryland 20817
5800 Cromwell Dr, Bethesda, Maryland 20816
7600 Macarthur Blvd, Cabin John, Maryland 20818
7687 Macarthur Blvd, Cabin John, Maryland 20818
7210 Hidden Creek Rd, Bethesda, Maryland 20817
7308 Nevis Rd, Bethesda, Maryland 20817
7100 Whittier Blvd, Bethesda, Maryland 20817
6904 River Rd, Bethesda, Maryland 20817
6904 River Rd, Bethesda, Maryland 20817
6205 Robinwood Rd, Bethesda, Maryland 20817
7125 Whittier Blvd, Bethesda, Maryland 20817
5601 River Rd, Bethesda, Maryland 20816
7913 Macarthur Blvd, Cabin John, Maryland 20818
7300 Macarthur Blvd, Glen Echo, Maryland 20812
7300 Macarthur Blvd, Glen Echo, Maryland 20812
6110 Oberlin Ave, Glen Echo, Maryland 20812
7307 Macarthur Blvd, Bethesda, Maryland 20816
6729 Goldsboro Rd, Bethesda, Maryland 20817
6201 Dunrobbin Dr, Bethesda, Maryland 20816
6106 Harvard Ave, Glen Echo, Maryland 20812
6204 Crathie Ln, Bethesda, Maryland 20816
6400 Goldsboro Rd, Bethesda, Maryland 20817
6520 Dalroy Ln, Bethesda, Maryland 20817
6510 Kenhowe Dr, Bethesda, Maryland 20817
5120 Wissioming Rd, Bethesda, Maryland 20816
6124 River Rd, Bethesda, Maryland 20817
6301 River Rd, Bethesda, Maryland 20817
7600 Tomlinson Ave, Cabin John, Maryland 20818
7100 Whittier Blvd, Bethesda, Maryland 20817
5910 Goldsboro Rd, Bethesda, Maryland 20817
6324 Lenox Rd, Bethesda, Maryland 20817
5800 Cromwell Dr, Bethesda, Maryland 20816
7600 Macarthur Blvd, Cabin John, Maryland 20818
7687 Macarthur Blvd, Cabin John, Maryland 20818
7210 Hidden Creek Rd, Bethesda, Maryland 20817
7308 Nevis Rd, Bethesda, Maryland 20817
7100 Whittier Blvd, Bethesda, Maryland 20817
6904 River Rd, Bethesda, Maryland 20817
6904 River Rd, Bethesda, Maryland 20817
6205 Robinwood Rd, Bethesda, Maryland 20817
7125 Whittier Blvd, Bethesda, Maryland 20817
5601 River Rd, Bethesda, Maryland 20816
7913 Macarthur Blvd, Cabin John, Maryland 20818
7300 Macarthur Blvd, Glen Echo, Maryland 20812
7300 Macarthur Blvd, Glen Echo, Maryland 20812
6110 Oberlin Ave, Glen Echo, Maryland 20812
7307 Macarthur Blvd, Bethesda, Maryland 20816
6729 Goldsboro Rd, Bethesda, Maryland 20817
6201 Dunrobbin Dr, Bethesda, Maryland 20816
6106 Harvard Ave, Glen Echo, Maryland 20812
6204 Crathie Ln, Bethesda, Maryland 20816
6400 Goldsboro Rd, Bethesda, Maryland 20817
6520 Dalroy Ln, Bethesda, Maryland 20817
6510 Kenhowe Dr, Bethesda, Maryland 20817
5120 Wissioming Rd, Bethesda, Maryland 20816
6124 River Rd, Bethesda, Maryland 20817
6301 River Rd, Bethesda, Maryland 20817
7600 Tomlinson Ave, Cabin John, Maryland 20818
7100 Whittier Blvd, Bethesda, Maryland 20817
5910 Goldsboro Rd, Bethesda, Maryland 20817
6324 Lenox Rd, Bethesda, Maryland 20817
5800 Cromwell Dr, Bethesda, Maryland 20816
7600 Macarthur Blvd, Cabin John, Maryland 20818
7687 Macarthur Blvd, Cabin John, Maryland 20818
7210 Hidden Creek Rd, Bethesda, Maryland 20817
7308 Nevis Rd, Bethesda, Maryland 20817
7100 Whittier Blvd, Bethesda, Maryland 20817
6904 River Rd, Bethesda, Maryland 20817
6904 River Rd, Bethesda, Maryland 20817
6205 Robinwood Rd, Bethesda, Maryland 20817
7125 Whittier Blvd, Bethesda, Maryland 20817
5601 River Rd, Bethesda, Maryland 20816
7913 Macarthur Blvd, Cabin John, Maryland 20818
7300 Macarthur Blvd, Glen Echo, Maryland 20812
7300 Macarthur Blvd, Glen Echo, Maryland 20812
6110 Oberlin Ave, Glen Echo, Maryland 20812
7307 Macarthur Blvd, Bethesda, Maryland 20816
6729 Goldsboro Rd, Bethesda, Maryland 20817
6201 Dunrobbin Dr, Bethesda, Maryland 20816
6106 Harvard Ave, Glen Echo, Maryland 20812
6204 Crathie Ln, Bethesda, Maryland 20816
6400 Goldsboro Rd, Bethesda, Maryland 20817
6520 Dalroy Ln, Bethesda, Maryland 20817
6510 Kenhowe Dr, Bethesda, Maryland 20817
5120 Wissioming Rd, Bethesda, Maryland 20816
6124 River Rd, Bethesda, Maryland 20817
6301 River Rd, Bethesda, Maryland 20817
7600 Tomlinson Ave, Cabin John, Maryland 20818
7100 Whittier Blvd, Bethesda, Maryland 20817
5910 Goldsboro Rd, Bethesda, Maryland 20817
6324 Lenox Rd, Bethesda, Maryland 20817
5800 Cromwell Dr, Bethesda, Maryland 20816
7600 Macarthur Blvd, Cabin John, Maryland 20818
7687 Macarthur Blvd, Cabin John, Maryland 20818
7210 Hidden Creek Rd, Bethesda, Maryland 20817
7308 Nevis Rd, Bethesda, Maryland 20817
7100 Whittier Blvd, Bethesda, Maryland 20817
6904 River Rd, Bethesda, Maryland 20817
6904 River Rd, Bethesda, Maryland 20817
6205 Robinwood Rd, Bethesda, Maryland 20817
7125 Whittier Blvd, Bethesda, Maryland 20817
5601 River Rd, Bethesda, Maryland 20816
7913 Macarthur Blvd, Cabin John, Maryland 20818
7300 Macarthur Blvd, Glen Echo, Maryland 20812
7300 Macarthur Blvd, Glen Echo, Maryland 20812
6110 Oberlin Ave, Glen Echo, Maryland 20812
7307 Macarthur Blvd, Bethesda, Maryland 20816
6729 Goldsboro Rd, Bethesda, Maryland 20817
6201 Dunrobbin Dr, Bethesda, Maryland 20816
6106 Harvard Ave, Glen Echo, Maryland 20812
6204 Crathie Ln, Bethesda, Maryland 20816
6400 Goldsboro Rd, Bethesda, Maryland 20817
6520 Dalroy Ln, Bethesda, Maryland 20817
6510 Kenhowe Dr, Bethesda, Maryland 20817
5120 Wissioming Rd, Bethesda, Maryland 20816
6124 River Rd, Bethesda, Maryland 20817
6301 River Rd, Bethesda, Maryland 20817
7600 Tomlinson Ave, Cabin John, Maryland 20818
7100 Whittier Blvd, Bethesda, Maryland 20817
5910 Goldsboro Rd, Bethesda, Maryland 20817
6324 Lenox Rd, Bethesda, Maryland 20817
5800 Cromwell Dr, Bethesda, Maryland 20816
7600 Macarthur Blvd, Cabin John, Maryland 20818
7687 Macarthur Blvd, Cabin John, Maryland 20818
7210 Hidden Creek Rd, Bethesda, Maryland 20817
7308 Nevis Rd, Bethesda, Maryland 20817
7100 Whittier Blvd, Bethesda, Maryland 20817
6904 River Rd, Bethesda, Maryland 20817
6904 River Rd, Bethesda, Maryland 20817
6205 Robinwood Rd, Bethesda, Maryland 20817
7125 Whittier Blvd, Bethesda, Maryland 20817
5601 River Rd, Bethesda, Maryland 20816
7913 Macarthur Blvd, Cabin John, Maryland 20818
7300 Macarthur Blvd, Glen Echo, Maryland 20812
7300 Macarthur Blvd, Glen Echo, Maryland 20812
6110 Oberlin Ave, Glen Echo, Maryland 20812
7307 Macarthur Blvd, Bethesda, Maryland 20816
6729 Goldsboro Rd, Bethesda, Maryland 20817
6201 Dunrobbin Dr, Bethesda, Maryland 20816
6106 Harvard Ave, Glen Echo, Maryland 20812
6204 Crathie Ln, Bethesda, Maryland 20816
6400 Goldsboro Rd, Bethesda, Maryland 20817
6520 Dalroy Ln, Bethesda, Maryland 20817
6510 Kenhowe Dr, Bethesda, Maryland 20817
5120 Wissioming Rd, Bethesda, Maryland 20816
6124 River Rd, Bethesda, Maryland 20817
6301 River Rd, Bethesda, Maryland 20817
7600 Tomlinson Ave, Cabin John, Maryland 20818
7100 Whittier Blvd, Bethesda, Maryland 20817
5910 Goldsboro Rd, Bethesda, Maryland 20817
6324 Lenox Rd, Bethesda, Maryland 20817
5800 Cromwell Dr, Bethesda, Maryland 20816
7600 Macarthur Blvd, Cabin John, Maryland 20818
7687 Macarthur Blvd, Cabin John, Maryland 20818
7210 Hidden Creek Rd, Bethesda, Maryland 20817
7308 Nevis Rd, Bethesda, Maryland 20817
7100 Whittier Blvd, Bethesda, Maryland 20817
6904 River Rd, Bethesda, Maryland 20817
6904 River Rd, Bethesda, Maryland 20817
6205 Robinwood Rd, Bethesda, Maryland 20817
7125 Whittier Blvd, Bethesda, Maryland 20817
5601 River Rd, Bethesda, Maryland 20816
7913 Macarthur Blvd, Cabin John, Maryland 20818
7300 Macarthur Blvd, Glen Echo, Maryland 20812
7300 Macarthur Blvd, Glen Echo, Maryland 20812
6110 Oberlin Ave, Glen Echo, Maryland 20812
7307 Macarthur Blvd, Bethesda, Maryland 20816
6729 Goldsboro Rd, Bethesda, Maryland 20817
6201 Dunrobbin Dr, Bethesda, Maryland 20816
6106 Harvard Ave, Glen Echo, Maryland 20812
6204 Crathie Ln, Bethesda, Maryland 20816
6400 Goldsboro Rd, Bethesda, Maryland 20817
6520 Dalroy Ln, Bethesda, Maryland 20817
6510 Kenhowe Dr, Bethesda, Maryland 20817
5120 Wissioming Rd, Bethesda, Maryland 20816
6124 River Rd, Bethesda, Maryland 20817
6301 River Rd, Bethesda, Maryland 20817
7600 Tomlinson Ave, Cabin John, Maryland 20818
7100 Whittier Blvd, Bethesda, Maryland 20817
5910 Goldsboro Rd, Bethesda, Maryland 20817
6324 Lenox Rd, Bethesda, Maryland 20817
5800 Cromwell Dr, Bethesda, Maryland 20816
7600 Macarthur Blvd, Cabin John, Maryland 20818
7687 Macarthur Blvd, Cabin John, Maryland 20818
7210 Hidden Creek Rd, Bethesda, Maryland 20817
7308 Nevis Rd, Bethesda, Maryland 20817
7100 Whittier Blvd, Bethesda, Maryland 20817
6904 River Rd, Bethesda, Maryland 20817
6904 River Rd, Bethesda, Maryland 20817
6205 Robinwood Rd, Bethesda, Maryland 20817
7125 Whittier Blvd, Bethesda, Maryland 20817
5601 River Rd, Bethesda, Maryland 20816
7913 Macarthur Blvd, Cabin John, Maryland 20818
7300 Macarthur Blvd, Glen Echo, Maryland 20812
7300 Macarthur Blvd, Glen Echo, Maryland 20812
6110 Oberlin Ave, Glen Echo, Maryland 20812
7307 Macarthur Blvd, Bethesda, Maryland 20816
6729 Goldsboro Rd, Bethesda, Maryland 20817
6201 Dunrobbin Dr, Bethesda, Maryland 20816
6106 Harvard Ave, Glen Echo, Maryland 20812
6204 Crathie Ln, Bethesda, Maryland 20816
6400 Goldsboro Rd, Bethesda, Maryland 20817
6520 Dalroy Ln, Bethesda, Maryland 20817
6510 Kenhowe Dr, Bethesda, Maryland 20817
5120 Wissioming Rd, Bethesda, Maryland 20816
6124 River Rd, Bethesda, Maryland 20817
6301 River Rd, Bethesda, Maryland 20817
7600 Tomlinson Ave, Cabin John, Maryland 20818
7100 Whittier Blvd, Bethesda, Maryland 20817
5910 Goldsboro Rd, Bethesda, Maryland 20817
6324 Lenox Rd, Bethesda, Maryland 20817
5800 Cromwell Dr, Bethesda, Maryland 20816
7600 Macarthur Blvd, Cabin John, Maryland 20818
7687 Macarthur Blvd, Cabin John, Maryland 20818
7210 Hidden Creek Rd, Bethesda, Maryland 20817
7308 Nevis Rd, Bethesda, Maryland 20817
7100 Whittier Blvd, Bethesda, Maryland 20817
6904 River Rd, Bethesda, Maryland 20817
6904 River Rd, Bethesda, Maryland 20817
6205 Robinwood Rd, Bethesda, Maryland 20817
7125 Whittier Blvd, Bethesda, Maryland 20817
5601 River Rd, Bethesda, Maryland 20816
7913 Macarthur Blvd, Cabin John, Maryland 20818
7300 Macarthur Blvd, Glen Echo, Maryland 20812
7300 Macarthur Blvd, Glen Echo, Maryland 20812
6110 Oberlin Ave, Glen Echo, Maryland 20812
7307 Macarthur Blvd, Bethesda, Maryland 20816
6729 Goldsboro Rd, Bethesda, Maryland 20817
6201 Dunrobbin Dr, Bethesda, Maryland 20816
6106 Harvard Ave, Glen Echo, Maryland 20812
6204 Crathie Ln, Bethesda, Maryland 20816
6400 Goldsboro Rd, Bethesda, Maryland 20817
6520 Dalroy Ln, Bethesda, Maryland 20817
6510 Kenhowe Dr, Bethesda, Maryland 20817
5120 Wissioming Rd, Bethesda, Maryland 20816
6124 River Rd, Bethesda, Maryland 20817
6301 River Rd, Bethesda, Maryland 20817
7600 Tomlinson Ave, Cabin John, Maryland 20818
7100 Whittier Blvd, Bethesda, Maryland 20817
5910 Goldsboro Rd, Bethesda, Maryland 20817
6324 Lenox Rd, Bethesda, Maryland 20817
5800 Cromwell Dr, Bethesda, Maryland 20816
7600 Macarthur Blvd, Cabin John, Maryland 20818
7687 Macarthur Blvd, Cabin John, Maryland 20818
7210 Hidden Creek Rd, Bethesda, Maryland 20817
7308 Nevis Rd, Bethesda, Maryland 20817
7100 Whittier Blvd, Bethesda, Maryland 20817
6904 River Rd, Bethesda, Maryland 20817
6904 River Rd, Bethesda, Maryland 20817
6205 Robinwood Rd, Bethesda, Maryland 20817
7125 Whittier Blvd, Bethesda, Maryland 20817
5601 River Rd, Bethesda, Maryland 20816
7913 Macarthur Blvd, Cabin John, Maryland 20818
7300 Macarthur Blvd, Glen Echo, Maryland 20812
7300 Macarthur Blvd, Glen Echo, Maryland 20812
6110 Oberlin Ave, Glen Echo, Maryland 20812
7307 Macarthur Blvd, Bethesda, Maryland 20816
6729 Goldsboro Rd, Bethesda, Maryland 20817
6201 Dunrobbin Dr, Bethesda, Maryland 20816
6106 Harvard Ave, Glen Echo, Maryland 20812
6204 Crathie Ln, Bethesda, Maryland 20816
6400 Goldsboro Rd, Bethesda, Maryland 20817
6520 Dalroy Ln, Bethesda, Maryland 20817
6510 Kenhowe Dr, Bethesda, Maryland 20817
5120 Wissioming Rd, Bethesda, Maryland 20816
6124 River Rd, Bethesda, Maryland 20817
6301 River Rd, Bethesda, Maryland 20817
7600 Tomlinson Ave, Cabin John, Maryland 20818
7100 Whittier Blvd, Bethesda, Maryland 20817
5910 Goldsboro Rd, Bethesda, Maryland 20817
6324 Lenox Rd, Bethesda, Maryland 20817
5800 Cromwell Dr, Bethesda, Maryland 20816
7600 Macarthur Blvd, Cabin John, Maryland 20818
7687 Macarthur Blvd, Cabin John, Maryland 20818
7210 Hidden Creek Rd, Bethesda, Maryland 20817
7308 Nevis Rd, Bethesda, Maryland 20817
7100 Whittier Blvd, Bethesda, Maryland 20817
6904 River Rd, Bethesda, Maryland 20817
6904 River Rd, Bethesda, Maryland 20817
6205 Robinwood Rd, Bethesda, Maryland 20817
7125 Whittier Blvd, Bethesda, Maryland 20817
5601 River Rd, Bethesda, Maryland 20816
7913 Macarthur Blvd, Cabin John, Maryland 20818
7300 Macarthur Blvd, Glen Echo, Maryland 20812
7300 Macarthur Blvd, Glen Echo, Maryland 20812
6110 Oberlin Ave, Glen Echo, Maryland 20812
7307 Macarthur Blvd, Bethesda, Maryland 20816
6729 Goldsboro Rd, Bethesda, Maryland 20817
6201 Dunrobbin Dr, Bethesda, Maryland 20816
6106 Harvard Ave, Glen Echo, Maryland 20812
6204 Crathie Ln, Bethesda, Maryland 20816
6400 Goldsboro Rd, Bethesda, Maryland 20817
6520 Dalroy Ln, Bethesda, Maryland 20817
6510 Kenhowe Dr, Bethesda, Maryland 20817
5120 Wissioming Rd, Bethesda, Maryland 20816
6124 River Rd, Bethesda, Maryland 20817
6301 River Rd, Bethesda, Maryland 20817
7600 Tomlinson Ave, Cabin John, Maryland 20818
7100 Whittier Blvd, Bethesda, Maryland 20817
5910 Goldsboro Rd, Bethesda, Maryland 20817
6324 Lenox Rd, Bethesda, Maryland 20817
5800 Cromwell Dr, Bethesda, Maryland 20816
7600 Macarthur Blvd, Cabin John, Maryland 20818
7687 Macarthur Blvd, Cabin John, Maryland 20818
7210 Hidden Creek Rd, Bethesda, Maryland 20817
7308 Nevis Rd, Bethesda, Maryland 20817
7100 Whittier Blvd, Bethesda, Maryland 20817
6904 River Rd, Bethesda, Maryland 20817
6904 River Rd, Bethesda, Maryland 20817
6205 Robinwood Rd, Bethesda, Maryland 20817
7125 Whittier Blvd, Bethesda, Maryland 20817
5601 River Rd, Bethesda, Maryland 20816
7913 Macarthur Blvd, Cabin John, Maryland 20818
7300 Macarthur Blvd, Glen Echo, Maryland 20812
7300 Macarthur Blvd, Glen Echo, Maryland 20812
6110 Oberlin Ave, Glen Echo, Maryland 20812
7307 Macarthur Blvd, Bethesda, Maryland 20816
6729 Goldsboro Rd, Bethesda, Maryland 20817
6201 Dunrobbin Dr, Bethesda, Maryland 20816
6106 Harvard Ave, Glen Echo, Maryland 20812
6204 Crathie Ln, Bethesda, Maryland 20816
6400 Goldsboro Rd, Bethesda, Maryland 20817
6520 Dalroy Ln, Bethesda, Maryland 20817
6510 Kenhowe Dr, Bethesda, Maryland 20817
5120 Wissioming Rd, Bethesda, Maryland 20816
6124 River Rd, Bethesda, Maryland 20817
6301 River Rd, Bethesda, Maryland 20817
7600 Tomlinson Ave, Cabin John, Maryland 20818
7100 Whittier Blvd, Bethesda, Maryland 20817
5910 Goldsboro Rd, Bethesda, Maryland 20817
6324 Lenox Rd, Bethesda, Maryland 20817
5800 Cromwell Dr, Bethesda, Maryland 20816
7600 Macarthur Blvd, Cabin John, Maryland 20818
7687 Macarthur Blvd, Cabin John, Maryland 20818
7210 Hidden Creek Rd, Bethesda, Maryland 20817
7308 Nevis Rd, Bethesda, Maryland 20817
7100 Whittier Blvd, Bethesda, Maryland 20817
6904 River Rd, Bethesda, Maryland 20817
6904 River Rd, Bethesda, Maryland 20817
6205 Robinwood Rd, Bethesda, Maryland 20817
7125 Whittier Blvd, Bethesda, Maryland 20817
5601 River Rd, Bethesda, Maryland 20816
7913 Macarthur Blvd, Cabin John, Maryland 20818
7300 Macarthur Blvd, Glen Echo, Maryland 20812
7300 Macarthur Blvd, Glen Echo, Maryland 20812
6110 Oberlin Ave, Glen Echo, Maryland 20812
7307 Macarthur Blvd, Bethesda, Maryland 20816
6729 Goldsboro Rd, Bethesda, Maryland 20817
6201 Dunrobbin Dr, Bethesda, Maryland 20816
6106 Harvard Ave, Glen Echo, Maryland 20812
6204 Crathie Ln, Bethesda, Maryland 20816
6400 Goldsboro Rd, Bethesda, Maryland 20817
6520 Dalroy Ln, Bethesda, Maryland 20817
6510 Kenhowe Dr, Bethesda, Maryland 20817
5120 Wissioming Rd, Bethesda, Maryland 20816
6124 River Rd, Bethesda, Maryland 20817
6301 River Rd, Bethesda, Maryland 20817
7600 Tomlinson Ave, Cabin John, Maryland 20818
7100 Whittier Blvd, Bethesda, Maryland 20817
5910 Goldsboro Rd, Bethesda, Maryland 20817
6324 Lenox Rd, Bethesda, Maryland 20817
5800 Cromwell Dr, Bethesda, Maryland 20816
7600 Macarthur Blvd, Cabin John, Maryland 20818
7687 Macarthur Blvd, Cabin John, Maryland 20818
7210 Hidden Creek Rd, Bethesda, Maryland 20817
7308 Nevis Rd, Bethesda, Maryland 20817
7100 Whittier Blvd, Bethesda, Maryland 20817
6904 River Rd, Bethesda, Maryland 20817
6904 River Rd, Bethesda, Maryland 20817
6205 Robinwood Rd, Bethesda, Maryland 20817
7125 Whittier Blvd, Bethesda, Maryland 20817
5601 River Rd, Bethesda, Maryland 20816
7913 Macarthur Blvd, Cabin John, Maryland 20818
7300 Macarthur Blvd, Glen Echo, Maryland 20812
7300 Macarthur Blvd, Glen Echo, Maryland 20812
6110 Oberlin Ave, Glen Echo, Maryland 20812
7307 Macarthur Blvd, Bethesda, Maryland 20816
6729 Goldsboro Rd, Bethesda, Maryland 20817
6201 Dunrobbin Dr, Bethesda, Maryland 20816
6106 Harvard Ave, Glen Echo, Maryland 20812
6204 Crathie Ln, Bethesda, Maryland 20816
6400 Goldsboro Rd, Bethesda, Maryland 20817
6520 Dalroy Ln, Bethesda, Maryland 20817
6510 Kenhowe Dr, Bethesda, Maryland 20817
5120 Wissioming Rd, Bethesda, Maryland 20816
6124 River Rd, Bethesda, Maryland 20817
6301 River Rd, Bethesda, Maryland 20817
7600 Tomlinson Ave, Cabin John, Maryland 20818
7100 Whittier Blvd, Bethesda, Maryland 20817
5910 Goldsboro Rd, Bethesda, Maryland 20817
6324 Lenox Rd, Bethesda, Maryland 20817
5800 Cromwell Dr, Bethesda, Maryland 20816
7600 Macarthur Blvd, Cabin John, Maryland 20818
7687 Macarthur Blvd, Cabin John, Maryland 20818
7210 Hidden Creek Rd, Bethesda, Maryland 20817
7308 Nevis Rd, Bethesda, Maryland 20817
7100 Whittier Blvd, Bethesda, Maryland 20817
6904 River Rd, Bethesda, Maryland 20817
6904 River Rd, Bethesda, Maryland 20817
6205 Robinwood Rd, Bethesda, Maryland 20817
7125 Whittier Blvd, Bethesda, Maryland 20817
5601 River Rd, Bethesda, Maryland 20816
7913 Macarthur Blvd, Cabin John, Maryland 20818
7300 Macarthur Blvd, Glen Echo, Maryland 20812
7300 Macarthur Blvd, Glen Echo, Maryland 20812
6110 Oberlin Ave, Glen Echo, Maryland 20812
7307 Macarthur Blvd, Bethesda, Maryland 20816
6729 Goldsboro Rd, Bethesda, Maryland 20817
6201 Dunrobbin Dr, Bethesda, Maryland 20816
6106 Harvard Ave, Glen Echo, Maryland 20812
6204 Crathie Ln, Bethesda, Maryland 20816
6400 Goldsboro Rd, Bethesda, Maryland 20817
6520 Dalroy Ln, Bethesda, Maryland 20817
6510 Kenhowe Dr, Bethesda, Maryland 20817
5120 Wissioming Rd, Bethesda, Maryland 20816
6124 River Rd, Bethesda, Maryland 20817
6301 River Rd, Bethesda, Maryland 20817
7600 Tomlinson Ave, Cabin John, Maryland 20818
7100 Whittier Blvd, Bethesda, Maryland 20817
5910 Goldsboro Rd, Bethesda, Maryland 20817
6324 Lenox Rd, Bethesda, Maryland 20817
5800 Cromwell Dr, Bethesda, Maryland 20816
7600 Macarthur Blvd, Cabin John, Maryland 20818
7687 Macarthur Blvd, Cabin John, Maryland 20818
7210 Hidden Creek Rd, Bethesda, Maryland 20817
7308 Nevis Rd, Bethesda, Maryland 20817
7100 Whittier Blvd, Bethesda, Maryland 20817
6904 River Rd, Bethesda, Maryland 20817
6904 River Rd, Bethesda, Maryland 20817
6205 Robinwood Rd, Bethesda, Maryland 20817
7125 Whittier Blvd, Bethesda, Maryland 20817
5601 River Rd, Bethesda, Maryland 20816
7913 Macarthur Blvd, Cabin John, Maryland 20818
7300 Macarthur Blvd, Glen Echo, Maryland 20812
7300 Macarthur Blvd, Glen Echo, Maryland 20812
6110 Oberlin Ave, Glen Echo, Maryland 20812
7307 Macarthur Blvd, Bethesda, Maryland 20816
6729 Goldsboro Rd, Bethesda, Maryland 20817
6201 Dunrobbin Dr, Bethesda, Maryland 20816
6106 Harvard Ave, Glen Echo, Maryland 20812
6204 Crathie Ln, Bethesda, Maryland 20816
6400 Goldsboro Rd, Bethesda, Maryland 20817
6520 Dalroy Ln, Bethesda, Maryland 20817
6510 Kenhowe Dr, Bethesda, Maryland 20817
5120 Wissioming Rd, Bethesda, Maryland 20816
6124 River Rd, Bethesda, Maryland 20817
6301 River Rd, Bethesda, Maryland 20817
7600 Tomlinson Ave, Cabin John, Maryland 20818
7100 Whittier Blvd, Bethesda, Maryland 20817
5910 Goldsboro Rd, Bethesda, Maryland 20817
6324 Lenox Rd, Bethesda, Maryland 20817
5800 Cromwell Dr, Bethesda, Maryland 20816
7600 Macarthur Blvd, Cabin John, Maryland 20818
7687 Macarthur Blvd, Cabin John, Maryland 20818
7210 Hidden Creek Rd, Bethesda, Maryland 20817
7308 Nevis Rd, Bethesda, Maryland 20817
7100 Whittier Blvd, Bethesda, Maryland 20817
6904 River Rd, Bethesda, Maryland 20817
6904 River Rd, Bethesda, Maryland 20817
6205 Robinwood Rd, Bethesda, Maryland 20817
7125 Whittier Blvd, Bethesda, Maryland 20817
5601 River Rd, Bethesda, Maryland 20816
7913 Macarthur Blvd, Cabin John, Maryland 20818
7300 Macarthur Blvd, Glen Echo, Maryland 20812
7300 Macarthur Blvd, Glen Echo, Maryland 20812
6110 Oberlin Ave, Glen Echo, Maryland 20812
7307 Macarthur Blvd, Bethesda, Maryland 20816
6729 Goldsboro Rd, Bethesda, Maryland 20817
6201 Dunrobbin Dr, Bethesda, Maryland 20816
6106 Harvard Ave, Glen Echo, Maryland 20812
6204 Crathie Ln, Bethesda, Maryland 20816
6400 Goldsboro Rd, Bethesda, Maryland 20817
6520 Dalroy Ln, Bethesda, Maryland 20817
6510 Kenhowe Dr, Bethesda, Maryland 20817
5120 Wissioming Rd, Bethesda, Maryland 20816
6124 River Rd, Bethesda, Maryland 20817
6301 River Rd, Bethesda, Maryland 20817
7600 Tomlinson Ave, Cabin John, Maryland 20818
7100 Whittier Blvd, Bethesda, Maryland 20817
5910 Goldsboro Rd, Bethesda, Maryland 20817
6324 Lenox Rd, Bethesda, Maryland 20817
5800 Cromwell Dr, Bethesda, Maryland 20816
7600 Macarthur Blvd, Cabin John, Maryland 20818
7687 Macarthur Blvd, Cabin John, Maryland 20818
7210 Hidden Creek Rd, Bethesda, Maryland 20817
7308 Nevis Rd, Bethesda, Maryland 20817
7100 Whittier Blvd, Bethesda, Maryland 20817
6904 River Rd, Bethesda, Maryland 20817
6904 River Rd, Bethesda, Maryland 20817
6205 Robinwood Rd, Bethesda, Maryland 20817
7125 Whittier Blvd, Bethesda, Maryland 20817
5601 River Rd, Bethesda, Maryland 20816
7913 Macarthur Blvd, Cabin John, Maryland 20818
7300 Macarthur Blvd, Glen Echo, Maryland 20812
7300 Macarthur Blvd, Glen Echo, Maryland 20812
6110 Oberlin Ave, Glen Echo, Maryland 20812
7307 Macarthur Blvd, Bethesda, Maryland 20816
6729 Goldsboro Rd, Bethesda, Maryland 20817
6201 Dunrobbin Dr, Bethesda, Maryland 20816
6106 Harvard Ave, Glen Echo, Maryland 20812
6204 Crathie Ln, Bethesda, Maryland 20816
6400 Goldsboro Rd, Bethesda, Maryland 20817
6520 Dalroy Ln, Bethesda, Maryland 20817
6510 Kenhowe Dr, Bethesda, Maryland 20817
5120 Wissioming Rd, Bethesda, Maryland 20816
6124 River Rd, Bethesda, Maryland 20817
6301 River Rd, Bethesda, Maryland 20817
7600 Tomlinson Ave, Cabin John, Maryland 20818
7100 Whittier Blvd, Bethesda, Maryland 20817
5910 Goldsboro Rd, Bethesda, Maryland 20817
6324 Lenox Rd, Bethesda, Maryland 20817
5800 Cromwell Dr, Bethesda, Maryland 20816
7600 Macarthur Blvd, Cabin John, Maryland 20818
7687 Macarthur Blvd, Cabin John, Maryland 20818
7210 Hidden Creek Rd, Bethesda, Maryland 20817
7308 Nevis Rd, Bethesda, Maryland 20817
7100 Whittier Blvd, Bethesda, Maryland 20817
6904 River Rd, Bethesda, Maryland 20817
6904 River Rd, Bethesda, Maryland 20817
6205 Robinwood Rd, Bethesda, Maryland 20817
7125 Whittier Blvd, Bethesda, Maryland 20817
5601 River Rd, Bethesda, Maryland 20816
7913 Macarthur Blvd, Cabin John, Maryland 20818
7300 Macarthur Blvd, Glen Echo, Maryland 20812
7300 Macarthur Blvd, Glen Echo, Maryland 20812
6110 Oberlin Ave, Glen Echo, Maryland 20812
7307 Macarthur Blvd, Bethesda, Maryland 20816
6729 Goldsboro Rd, Bethesda, Maryland 20817
6201 Dunrobbin Dr, Bethesda, Maryland 20816
6106 Harvard Ave, Glen Echo, Maryland 20812
6204 Crathie Ln, Bethesda, Maryland 20816
6400 Goldsboro Rd, Bethesda, Maryland 20817
6520 Dalroy Ln, Bethesda, Maryland 20817
6510 Kenhowe Dr, Bethesda, Maryland 20817
5120 Wissioming Rd, Bethesda, Maryland 20816
6124 River Rd, Bethesda, Maryland 20817
6301 River Rd, Bethesda, Maryland 20817
7600 Tomlinson Ave, Cabin John, Maryland 20818
7100 Whittier Blvd, Bethesda, Maryland 20817
5910 Goldsboro Rd, Bethesda, Maryland 20817
6324 Lenox Rd, Bethesda, Maryland 20817
5800 Cromwell Dr, Bethesda, Maryland 20816
7600 Macarthur Blvd, Cabin John, Maryland 20818
7687 Macarthur Blvd, Cabin John, Maryland 20818
7210 Hidden Creek Rd, Bethesda, Maryland 20817
7308 Nevis Rd, Bethesda, Maryland 20817
7100 Whittier Blvd, Bethesda, Maryland 20817
6904 River Rd, Bethesda, Maryland 20817
6904 River Rd, Bethesda, Maryland 20817
6205 Robinwood Rd, Bethesda, Maryland 20817
7125 Whittier Blvd, Bethesda, Maryland 20817
5601 River Rd, Bethesda, Maryland 20816
7913 Macarthur Blvd, Cabin John, Maryland 20818
7300 Macarthur Blvd, Glen Echo, Maryland 20812
7300 Macarthur Blvd, Glen Echo, Maryland 20812
6110 Oberlin Ave, Glen Echo, Maryland 20812
7307 Macarthur Blvd, Bethesda, Maryland 20816
6729 Goldsboro Rd, Bethesda, Maryland 20817
6201 Dunrobbin Dr, Bethesda, Maryland 20816
6106 Harvard Ave, Glen Echo, Maryland 20812
6204 Crathie Ln, Bethesda, Maryland 20816
6400 Goldsboro Rd, Bethesda, Maryland 20817
6520 Dalroy Ln, Bethesda, Maryland 20817
6510 Kenhowe Dr, Bethesda, Maryland 20817
5120 Wissioming Rd, Bethesda, Maryland 20816
6124 River Rd, Bethesda, Maryland 20817
6301 River Rd, Bethesda, Maryland 20817
7600 Tomlinson Ave, Cabin John, Maryland 20818
7100 Whittier Blvd, Bethesda, Maryland 20817
5910 Goldsboro Rd, Bethesda, Maryland 20817
6324 Lenox Rd, Bethesda, Maryland 20817
5800 Cromwell Dr, Bethesda, Maryland 20816
7600 Macarthur Blvd, Cabin John, Maryland 20818
7687 Macarthur Blvd, Cabin John, Maryland 20818
7210 Hidden Creek Rd, Bethesda, Maryland 20817
7308 Nevis Rd, Bethesda, Maryland 20817
7100 Whittier Blvd, Bethesda, Maryland 20817
6904 River Rd, Bethesda, Maryland 20817
6904 River Rd, Bethesda, Maryland 20817
6205 Robinwood Rd, Bethesda, Maryland 20817
7125 Whittier Blvd, Bethesda, Maryland 20817
5601 River Rd, Bethesda, Maryland 20816
7913 Macarthur Blvd, Cabin John, Maryland 20818
7300 Macarthur Blvd, Glen Echo, Maryland 20812
7300 Macarthur Blvd, Glen Echo, Maryland 20812
6110 Oberlin Ave, Glen Echo, Maryland 20812
7307 Macarthur Blvd, Bethesda, Maryland 20816
6729 Goldsboro Rd, Bethesda, Maryland 20817
6201 Dunrobbin Dr, Bethesda, Maryland 20816
6106 Harvard Ave, Glen Echo, Maryland 20812
6204 Crathie Ln, Bethesda, Maryland 20816
6400 Goldsboro Rd, Bethesda, Maryland 20817
6520 Dalroy Ln, Bethesda, Maryland 20817
6510 Kenhowe Dr, Bethesda, Maryland 20817
5120 Wissioming Rd, Bethesda, Maryland 20816
6124 River Rd, Bethesda, Maryland 20817
6301 River Rd, Bethesda, Maryland 20817
7600 Tomlinson Ave, Cabin John, Maryland 20818
7100 Whittier Blvd, Bethesda, Maryland 20817
5910 Goldsboro Rd, Bethesda, Maryland 20817
6324 Lenox Rd, Bethesda, Maryland 20817
5800 Cromwell Dr, Bethesda, Maryland 20816
7600 Macarthur Blvd, Cabin John, Maryland 20818
7687 Macarthur Blvd, Cabin John, Maryland 20818
7210 Hidden Creek Rd, Bethesda, Maryland 20817
7308 Nevis Rd, Bethesda, Maryland 20817
7100 Whittier Blvd, Bethesda, Maryland 20817
6904 River Rd, Bethesda, Maryland 20817
6904 River Rd, Bethesda, Maryland 20817
6205 Robinwood Rd, Bethesda, Maryland 20817
7125 Whittier Blvd, Bethesda, Maryland 20817
5601 River Rd, Bethesda, Maryland 20816
7913 Macarthur Blvd, Cabin John, Maryland 20818
7300 Macarthur Blvd, Glen Echo, Maryland 20812
7300 Macarthur Blvd, Glen Echo, Maryland 20812
6110 Oberlin Ave, Glen Echo, Maryland 20812
7307 Macarthur Blvd, Bethesda, Maryland 20816
6729 Goldsboro Rd, Bethesda, Maryland 20817
6201 Dunrobbin Dr, Bethesda, Maryland 20816
6106 Harvard Ave, Glen Echo, Maryland 20812
6204 Crathie Ln, Bethesda, Maryland 20816
6400 Goldsboro Rd, Bethesda, Maryland 20817
6520 Dalroy Ln, Bethesda, Maryland 20817
6510 Kenhowe Dr, Bethesda, Maryland 20817
5120 Wissioming Rd, Bethesda, Maryland 20816
6124 River Rd, Bethesda, Maryland 20817
6301 River Rd, Bethesda, Maryland 20817
7600 Tomlinson Ave, Cabin John, Maryland 20818
7100 Whittier Blvd, Bethesda, Maryland 20817
5910 Goldsboro Rd, Bethesda, Maryland 20817
6324 Lenox Rd, Bethesda, Maryland 20817
5800 Cromwell Dr, Bethesda, Maryland 20816
7600 Macarthur Blvd, Cabin John, Maryland 20818
7687 Macarthur Blvd, Cabin John, Maryland 20818
7210 Hidden Creek Rd, Bethesda, Maryland 20817
7308 Nevis Rd, Bethesda, Maryland 20817
7100 Whittier Blvd, Bethesda, Maryland 20817
6904 River Rd, Bethesda, Maryland 20817
6904 River Rd, Bethesda, Maryland 20817
6205 Robinwood Rd, Bethesda, Maryland 20817
7125 Whittier Blvd, Bethesda, Maryland 20817
5601 River Rd, Bethesda, Maryland 20816
7913 Macarthur Blvd, Cabin John, Maryland 20818
7300 Macarthur Blvd, Glen Echo, Maryland 20812
7300 Macarthur Blvd, Glen Echo, Maryland 20812
6110 Oberlin Ave, Glen Echo, Maryland 20812
7307 Macarthur Blvd, Bethesda, Maryland 20816
6729 Goldsboro Rd, Bethesda, Maryland 20817
6201 Dunrobbin Dr, Bethesda, Maryland 20816
6106 Harvard Ave, Glen Echo, Maryland 20812
6204 Crathie Ln, Bethesda, Maryland 20816
6400 Goldsboro Rd, Bethesda, Maryland 20817
6520 Dalroy Ln, Bethesda, Maryland 20817
6510 Kenhowe Dr, Bethesda, Maryland 20817
5120 Wissioming Rd, Bethesda, Maryland 20816
6124 River Rd, Bethesda, Maryland 20817
6301 River Rd, Bethesda, Maryland 20817
7600 Tomlinson Ave, Cabin John, Maryland 20818
7100 Whittier Blvd, Bethesda, Maryland 20817
5910 Goldsboro Rd, Bethesda, Maryland 20817
6324 Lenox Rd, Bethesda, Maryland 20817
5800 Cromwell Dr, Bethesda, Maryland 20816
7600 Macarthur Blvd, Cabin John, Maryland 20818
7687 Macarthur Blvd, Cabin John, Maryland 20818
7210 Hidden Creek Rd, Bethesda, Maryland 20817
7308 Nevis Rd, Bethesda, Maryland 20817
7100 Whittier Blvd, Bethesda, Maryland 20817
6904 River Rd, Bethesda, Maryland 20817
6904 River Rd, Bethesda, Maryland 20817
6205 Robinwood Rd, Bethesda, Maryland 20817
7125 Whittier Blvd, Bethesda, Maryland 20817
5601 River Rd, Bethesda, Maryland 20816
7913 Macarthur Blvd, Cabin John, Maryland 20818